2,BOS
3,EOS
4,的
5,。
6,.
7,，
8,一
9,是
10,我
11,","
12,了
13,在
14,有
15,不
16,他
17,们
18,这
19,人
20,个
21,你
22,和
23,中
24,要
25,为
26,用
27,对
28,会
29,能
30,上
31,来
32,以
33,到
34,可
35,大
36,生
37,国
38,时
39,行
40,地
41,出
42,发
43,方
44,作
45,法
46,分
47,于
48,性
49,过
50,成
51,学
52,得
53,就
54,理
55,多
56,子
57,那
58,、
59,现
60,动
61,进
62,种
63,经
64,下
65,工
66,好
67,定
68,些
69,自
70,本
71,家
72,后
73,应
74,机
75,么
76,力
77,所
78,而
79,很
80,与
81,她
82,也
83,实
84,面
85,说
86,化
87,都
88,制
89,事
90,里
91,开
92,重
93,体
94,最
95,其
96,关
97,合
98,着
99,同
100,如
101,提
102,去
103,之
104,系
105,业
106,高
107,度
108,文
109,将
110,因
111,物
112,？
113,果
114,?
115,间
116,没
117,电
118,想
119,结
120,新
121,计
122,及
123,数
124,小
125,使
126,部
127,天
128,并
129,意
130,前
131,主
132,点
133,看
134,公
135,产
136,但
137,起
138,道
139,当
140,还
141,心
142,者
143,样
144,程
145,加
146,年
147,问
148,量
149,通
150,表
151,特
152,它
153,相
154,目
155,然
156,从
157,把
158,明
159,统
160,常
161,件
162,题
163,全
164,正
165,信
166,研
167,或
168,被
169,设
170,水
171,利
172,究
173,基
174,论
175,外
176,什
177,无
178,变
179,情
180,已
181,内
182,该
183,给
184,式
185,更
186,美
187,比
188,知
189,保
190,管
191,长
192,展
193,位
194,做
195,此
196,只
197,品
198,建
199,员
200,术
201,期
202,解
203,场
204,吗
205,手
206,入
207,型
208,感
209,活
210,资
211,向
212,需
213,教
214,接
215,车
216,务
217,受
218,斯
219,器
220,政
221,代
222,气
223,由
224,次
225,非
226,效
227,两
228,处
229,具
230,影
231,认
232,市
233,模
234,运
235,任
236,别
237,安
238,让
239,质
240,何
241,流
242,真
243,组
244,司
245,据
246,己
247,形
248,等
249,区
250,话
251,平
252,回
253,金
254,色
255,构
256,原
257,技
258,西
259,测
260,标
261,类
262,确
263,第
264,决
265,必
266,析
267,0
268,算
269,:
270,求
271,s
272,价
273,克
274,日
275,供
276,持
277,指
278,立
279,直
280,名
281,许
282,验
283,交
284,服
285,打
286,1
287,格
288,试
289,单
290,头
291,光
292,语
293,球
294,民
295,选
296,响
297,带
298,总
299,尔
300,线
301,取
302,三
303,儿
304,身
305,每
306,证
307,放
308,义
309,传
310,女
311,改
312,调
313,先
314,见
315,路
316,请
317,完
318,图
319,导
320,少
321,像
322,界
323,病
324,料
325,口
326,造
327,强
328,世
329,告
330,条
331,存
332,快
333,示
334,议
335,治
336,各
337,反
338,空
339,息
340,收
341,备
342,几
343,控
344,网
345,装
346,项
347,复
348,观
349,太
350,包
351,a
352,再
353,准
354,；
355,望
356,海
357,老
358,济
359,候
360,达
361,爱
362,规
363,显
364,风
365,报
366,值
367,转
368,科
369,商
370,象
371,布
372,视
373,二
374,联
375,采
376,难
377,孩
378,助
379,您
380,走
381,态
382,：
383,离
384,整
385,素
386,门
387,步
388,源
389,始
390,失
391,社
392,权
393,拉
394,节
395,参
396,增
397,十
398,环
399,英
400,支
401,东
402,率
403,战
404,且
405,讨
406,马
407,“
408,今
409,功
410,记
411,热
412,觉
413,2
414,较
415,欢
416,际
417,识
418,易
419,消
420,书
421,切
422,声
423,”
424,注
425,引
426,须
427,容
428,细
429,德
430,速
431,置
432,查
433,近
434,压
435,神
436,况
437,乐
438,精
439,听
440,才
441,状
442,！
443,干
444,白
445,!
446,断
447,字
448,维
449,预
450,低
451,考
452,言
453,思
454,约
455,费
456,又
457,找
458,根
459,队
460,片
461,则
462,极
463,述
464,适
465,客
466,集
467,护
468,房
469,-
470,花
471,喜
472,例
473,越
474,清
475,怎
476,育
477,周
478,境
479,优
480,探
481,边
482,领
483,住
484,亚
485,师
486,命
487,够
488,吧
489,星
490,)
491,疗
492,案
493,(
494,随
495,希
496,划
497,层
498,除
499,油
500,至
501,施
502,介
503,共
504,户
505,续
506,投
507,致
508,月
509,争
510,习
511,音
512,创
513,险
514,企
515,广
516,专
517,死
518,配
519,检
520,士
521,列
522,l
523,未
524,远
525,域
526,帮
527,满
528,元
529,密
530,足
531,评
532,医
533,深
534,府
535,友
536,游
537,火
538,城
539,否
540,便
541,序
542,获
543,策
544,织
545,土
546,食
547,段
548,亲
549,照
550,级
551,呢
552,赛
553,击
554,c
555,演
556,限
557,四
558,防
559,简
560,血
561,错
562,诉
563,吃
564,历
565,伤
566,巴
567,校
568,办
569,推
570,号
571,石
572,往
573,尽
574,军
575,山
576,跟
577,微
578,轻
579,艺
580,止
581,激
582,钱
583,律
584,连
585,'
586,波
587,5
588,早
589,院
590,张
591,台
592,板
593,写
594,药
595,晚
596,眼
597,罗
598,减
599,害
600,卡
601,责
602,3
603,差
604,角
605,称
606,择
607,首
608,即
609,属
610,射
611,绍
612,温
613,男
614,兴
615,另
616,排
617,却
618,临
619,站
620,势
621,室
622,令
623,材
624,谈
625,营
626,修
627,移
628,飞
629,超
630,e
631,份
632,吸
633,买
634,承
635,益
636,团
637,货
638,降
639,仅
640,含
641,终
642,农
643,n
644,职
645,双
646,史
647,换
648,协
649,脑
650,尼
651,母
652,似
653,乎
654,察
655,输
656,局
657,严
658,北
659,林
660,酒
661,充
662,围
663,课
664,留
665,某
666,独
667,础
668,异
669,积
670,谢
671,哪
672,负
673,夫
674,景
675,南
676,念
677,C
678,五
679,括
680,缺
681,举
682,养
683,味
684,愿
685,印
686,络
687,征
688,依
689,故
690,洲
691,款
692,索
693,皮
694,免
695,9
696,核
697,阿
698,紧
699,待
700,突
701,汽
702,销
703,富
704,冲
705,朋
706,剂
707,普
708,绝
709,破
710,抗
711,银
712,损
713,船
714,床
715,旅
716,A
717,略
718,液
719,4
720,仍
721,范
722,众
723,软
724,善
725,妈
726,讲
727,章
728,警
729,米
730,兰
731,·
732,官
733,叫
734,群
735,健
736,黑
737,按
738,危
739,监
740,杂
741,担
742,假
743,继
744,树
745,底
746,拿
747,录
748,读
749,升
750,停
751,良
752,落
753,送
754,染
755,误
756,票
757,码
758,红
759,父
760,穿
761,半
762,衣
763,酸
764,付
765,—
766,纳
767,S
768,稳
769,互
770,华
771,著
772,康
773,6
774,块
775,坏
776,``
777,P
778,混
779,笑
780,靠
781,股
782,奥
783,虑
784,均
785,8
786,固
787,店
788,毒
789,胞
790,词
791,威
792,欧
793,画
794,刚
795,冷
796,编
797,久
798,财
799,架
800,古
801,百
802,聚
803,融
804,售
805,植
806,奇
807,福
808,针
809,键
810,困
811,谁
812,i
813,革
814,杀
815,静
816,刻
817,犯
818,坐
819,万
820,执
821,族
822,库
823,丽
824,操
825,散
826,掉
827,判
828,座
829,初
830,短
831,轮
832,州
833,o
834,啊
835,频
836,背
837,释
838,概
839,班
840,练
841,束
842,购
843,曾
844,香
845,园
846,草
847,痛
848,阳
849,弹
850,载
851,曲
852,木
853,罪
854,卫
855,庭
856,灵
857,竞
858,;
859,审
860,般
861,王
862,铁
863,>
864,r
865,努
866,D
867,永
868,礼
869,骨
870,居
871,馆
872,答
873,端
874,玩
875,委
876,7
877,蛋
878,慢
879,附
880,钢
881,训
882,急
883,姆
884,婚
885,患
886,餐
887,志
888,纪
889,拥
890,培
891,幸
892,河
893,趣
894,阶
895,补
896,套
897,措
898,救
899,厂
900,t
901,航
902,戏
903,障
904,估
905,纸
906,症
907,劳
908,寻
909,M
910,拟
911,顾
912,派
913,疑
914,坚
915,歌
916,退
917,T
918,青
919,矿
920,恶
921,黄
922,批
923,典
924,伊
925,六
926,苦
927,伦
928,智
929,托
930,符
931,阻
932,透
933,径
934,倒
935,毛
936,避
937,描
938,剧
939,盘
940,雷
941,亮
942,巨
943,村
944,沉
945,牛
946,甚
947,圣
948,储
949,氧
950,肉
951,钟
952,松
953,烟
954,促
955,综
956,扩
957,膜
958,败
959,缩
960,脱
961,顿
962,暴
963,党
964,p
965,跑
966,遇
967,省
968,丝
969,夜
970,I
971,盖
972,洗
973,沙
974,筑
975,惊
976,博
977,舞
978,滑
979,享
980,哈
981,贵
982,肯
983,虽
984,途
985,胜
986,笔
987,粉
988,版
989,税
990,恐
991,宝
992,额
993,藏
994,露
995,雨
996,饭
997,睡
998,糖
999,硬
1000,鱼
1001,污
1002,伙
1003,森
1004,怕
1005,封
1006,菌
1007,菜
1008,脚
1009,呼
1010,迎
1011,顶
1012,武
1013,订
1014,裂
1015,遗
1016,叶
1017,牙
1018,烈
1019,泛
1020,衡
1021,爸
1022,守
1023,诺
1024,胶
1025,妇
1026,播
1027,访
1028,镜
1029,牌
1030,塞
1031,杰
1032,闻
1033,签
1034,跳
1035,秘
1036,休
1037,哥
1038,B
1039,季
1040,熟
1041,句
1042,追
1043,卖
1044,怀
1045,乱
1046,贸
1047,苏
1048,折
1049,磁
1050,诊
1051,=
1052,脉
1053,燃
1054,千
1055,借
1056,贝
1057,私
1058,震
1059,弱
1060,京
1061,归
1062,脸
1063,箱
1064,翻
1065,斗
1066,午
1067,彩
1068,挥
1069,伯
1070,顺
1071,登
1072,挑
1073,延
1074,童
1075,仪
1076,冰
1077,渐
1078,刺
1079,街
1080,零
1081,岩
1082,迷
1083,烧
1084,伴
1085,塔
1086,亡
1087,触
1088,港
1089,梦
1090,忙
1091,野
1092,抱
1093,疾
1094,麻
1095,楼
1096,逐
1097,予
1098,帝
1099,译
1100,振
1101,邮
1102,E
1103,麦
1104,喝
1105,债
1106,缓
1107,替
1108,洋
1109,灯
1110,暗
1111,汉
1112,%
1113,窗
1114,宣
1115,恩
1116,申
1117,遍
1118,R
1119,吉
1120,莱
1121,屋
1122,尤
1123,辆
1124,》
1125,勒
1126,陷
1127,既
1128,丰
1129,坦
1130,怪
1131,占
1132,宽
1133,阵
1134,汇
1135,攻
1136,仿
1137,币
1138,岛
1139,甲
1140,佳
1141,堂
1142,鼠
1143,迪
1144,凝
1145,岁
1146,粒
1147,忘
1148,《
1149,旧
1150,详
1151,杯
1152,默
1153,若
1154,趋
1155,L
1156,奶
1157,鲜
1158,八
1159,镇
1160,诚
1161,圆
1162,耐
1163,启
1164,献
1165,浪
1166,闭
1167,践
1168,虚
1169,偏
1170,（
1171,绿
1172,）
1173,洛
1174,磨
1175,唯
1176,席
1177,涉
1178,孔
1179,隐
1180,弃
1181,旋
1182,敏
1183,弄
1184,狗
1185,余
1186,巧
1187,兵
1188,朝
1189,潜
1190,左
1191,楚
1192,脂
1193,裁
1194,艾
1195,鲁
1196,爆
1197,授
1198,枪
1199,醒
1200,奖
1201,殊
1202,萨
1203,烦
1204,玛
1205,辑
1206,迫
1207,纤
1208,轴
1209,距
1210,鼓
1211,链
1212,右
1213,塑
1214,雪
1215,迹
1216,弟
1217,敌
1218,励
1219,摩
1220,炎
1221,谱
1222,禁
1223,惯
1224,昨
1225,灾
1226,癌
1227,页
1228,贷
1229,毫
1230,汤
1231,晶
1232,映
1233,唱
1234,媒
1235,扰
1236,脏
1237,拍
1238,废
1239,饮
1240,蒂
1241,抽
1242,N
1243,阅
1244,副
1245,允
1246,七
1247,O
1248,械
1249,耳
1250,乳
1251,盟
1252,隔
1253,桥
1254,督
1255,询
1256,龙
1257,虫
1258,灰
1259,摘
1260,末
1261,姐
1262,煤
1263,尚
1264,饰
1265,赞
1266,炸
1267,瑞
1268,遭
1269,幅
1270,肌
1271,墙
1272,阐
1273,厚
1274,祝
1275,诗
1276,溶
1277,侵
1278,纯
1279,陆
1280,招
1281,曼
1282,赖
1283,档
1284,握
1285,卷
1286,赢
1287,李
1288,桌
1289,瘤
1290,函
1291,恢
1292,云
1293,驱
1294,倾
1295,乏
1296,夏
1297,乡
1298,洁
1299,盛
1300,薄
1301,湿
1302,尺
1303,抓
1304,掌
1305,碍
1306,荷
1307,h
1308,缘
1309,乘
1310,侧
1311,颜
1312,绩
1313,九
1314,蒙
1315,阴
1316,d
1317,框
1318,G
1319,抵
1320,泥
1321,荣
1322,朗
1323,毕
1324,刀
1325,偿
1326,尝
1327,灭
1328,赶
1329,残
1330,戴
1331,鸡
1332,F
1333,循
1334,喷
1335,匹
1336,抑
1337,田
1338,湖
1339,逃
1340,涂
1341,迟
1342,疫
1343,繁
1344,净
1345,肤
1346,租
1347,毁
1348,纹
1349,糊
1350,润
1351,迅
1352,踪
1353,妻
1354,埃
1355,忆
1356,雅
1357,肿
1358,敢
1359,炉
1360,佛
1361,沿
1362,冒
1363,肥
1364,池
1365,碳
1366,棒
1367,睛
1368,摄
1369,漂
1370,拒
1371,宗
1372,俄
1373,尊
1374,江
1375,井
1376,碎
1377,摆
1378,搜
1379,春
1380,浓
1381,弗
1382,蓝
1383,插
1384,悲
1385,偷
1386,锁
1387,凯
1388,鉴
1389,泡
1390,m
1391,填
1392,洞
1393,援
1394,篇
1395,盐
1396,魔
1397,添
1398,耶
1399,粘
1400,u
1401,翰
1402,杆
1403,潮
1404,尾
1405,拜
1406,旁
1407,莫
1408,壁
1409,舒
1410,扫
1411,伸
1412,厅
1413,址
1414,粗
1415,莉
1416,袋
1417,谷
1418,H
1419,累
1420,鸟
1421,圈
1422,贴
1423,宁
1424,竟
1425,宜
1426,焦
1427,券
1428,雇
1429,呈
1430,狂
1431,伟
1432,丁
1433,厌
1434,岸
1435,羊
1436,尿
1437,徒
1438,递
1439,颗
1440,嘴
1441,滤
1442,腐
1443,奋
1444,幕
1445,讯
1446,搞
1447,糟
1448,茶
1449,漫
1450,墨
1451,耗
1452,玻
1453,捕
1454,碰
1455,冠
1456,肝
1457,瓶
1458,雄
1459,麽
1460,肠
1461,刑
1462,寄
1463,丹
1464,鞋
1465,绕
1466,勇
1467,乔
1468,螺
1469,菲
1470,偶
1471,宫
1472,贫
1473,闪
1474,齿
1475,堆
1476,怒
1477,瓦
1478,胁
1479,撞
1480,忍
1481,衰
1482,刷
1483,歉
1484,柱
1485,绪
1486,乙
1487,驶
1488,忽
1489,跨
1490,V
1491,璃
1492,擦
1493,返
1494,腺
1495,缝
1496,沟
1497,鬼
1498,帐
1499,旦
1500,违
1501,彼
1502,册
1503,摇
1504,钻
1505,泰
1506,拖
1507,敦
1508,暖
1509,妹
1510,迈
1511,纽
1512,诞
1513,柔
1514,懂
1515,胡
1516,署
1517,滚
1518,龄
1519,腿
1520,览
1521,庆
1522,胆
1523,坡
1524,夹
1525,猫
1526,胎
1527,[
1528,浮
1529,阀
1530,兄
1531,罚
1532,珍
1533,娜
1534,秀
1535,糕
1536,]
1537,轨
1538,酶
1539,绘
1540,辩
1541,袭
1542,肺
1543,邦
1544,忧
1545,敬
1546,冬
1547,赏
1548,剪
1549,焊
1550,豆
1551,倍
1552,谐
1553,腔
1554,奏
1555,挂
1556,驾
1557,削
1558,弯
1559,穷
1560,梯
1561,挤
1562,殖
1563,吹
1564,矩
1565,呆
1566,横
1567,遵
1568,扬
1569,骗
1570,淡
1571,谋
1572,仔
1573,骑
1574,邻
1575,暂
1576,啡
1577,尖
1578,诱
1579,咖
1580,孤
1581,蚀
1582,湾
1583,壤
1584,莎
1585,割
1586,覆
1587,哦
1588,齐
1589,葡
1590,寸
1591,貌
1592,浆
1593,壳
1594,梅
1595,诸
1596,丢
1597,炼
1598,祖
1599,陈
1600,涨
1601,甜
1602,胸
1603,疯
1604,催
1605,愈
1606,胀
1607,央
1608,鼻
1609,辅
1610,剩
1611,疲
1612,彻
1613,漏
1614,俱
1615,帕
1616,萄
1617,逻
1618,凡
1619,珠
1620,妮
1621,沃
1622,腹
1623,噪
1624,娘
1625,尘
1626,宾
1627,妙
1628,皇
1629,撒
1630,扎
1631,铜
1632,泳
1633,扣
1634,闲
1635,蒸
1636,y
1637,欲
1638,g
1639,纵
1640,屏
1641,&
1642,怖
1643,峰
1644,聪
1645,隆
1646,辛
1647,胃
1648,狱
1649,梁
1650,X
1651,斜
1652,囊
1653,乌
1654,誉
1655,账
1656,灌
1657,渗
1658,搭
1659,<
1660,县
1661,辨
1662,丈
1663,堡
1664,俗
1665,串
1666,夺
1667,愉
1668,猜
1669,邀
1670,垂
1671,恒
1672,b
1673,琴
1674,悉
1675,聊
1676,宇
1677,丧
1678,伍
1679,肾
1680,犹
1681,哭
1682,截
1683,庄
1684,魂
1685,猛
1686,醇
1687,逆
1688,澳
1689,恋
1690,淋
1691,哲
1692,寒
1693,挖
1694,硫
1695,恰
1696,惧
1697,迁
1698,汗
1699,咱
1700,W
1701,盾
1702,幻
1703,荡
1704,浅
1705,悬
1706,铝
1707,辞
1708,疼
1709,幼
1710,跌
1711,壮
1712,豪
1713,冻
1714,昂
1715,纷
1716,骤
1717,艰
1718,旨
1719,勃
1720,稍
1721,贡
1722,玉
1723,忠
1724,跃
1725,垃
1726,寿
1727,韩
1728,圾
1729,渴
1730,薪
1731,搬
1732,婴
1733,厨
1734,抛
1735,牧
1736,雾
1737,仰
1738,泽
1739,爬
1740,氨
1741,揭
1742,欣
1743,扮
1744,椅
1745,啦
1746,猎
1747,谓
1748,逊
1749,泵
1750,烯
1751,烤
1752,醉
1753,猪
1754,滋
1755,荒
1756,惠
1757,劲
1758,黎
1759,铸
1760,苗
1761,紫
1762,肩
1763,滴
1764,呀
1765,戒
1766,霍
1767,怨
1768,抢
1769,辐
1770,甘
1771,陶
1772,赔
1773,眠
1774,吻
1775,枝
1776,氏
1777,U
1778,晨
1779,臂
1780,赋
1781,恨
1782,帽
1783,秋
1784,衬
1785,箭
1786,郁
1787,盒
1788,拓
1789,姑
1790,歧
1791,吓
1792,赫
1793,勤
1794,氢
1795,汁
1796,瓜
1797,吵
1798,捷
1799,孕
1800,舍
1801,颈
1802,腰
1803,兼
1804,铺
1805,召
1806,矛
1807,斑
1808,廉
1809,硅
1810,闹
1811,盆
1812,牢
1813,愤
1814,篮
1815,虎
1816,渡
1817,泪
1818,棉
1819,捐
1820,拼
1821,稀
1822,姻
1823,董
1824,宏
1825,亦
1826,陪
1827,苹
1828,慧
1829,酯
1830,饼
1831,亿
1832,匀
1833,瑟
1834,凭
1835,佩
1836,朵
1837,盗
1838,扭
1839,蜜
1840,宿
1841,蓄
1842,仓
1843,摸
1844,谎
1845,兹
1846,撤
1847,蜂
1848,翼
1849,酷
1850,叉
1851,叙
1852,橡
1853,浸
1854,拔
1855,绳
1856,膨
1857,瓷
1858,谨
1859,腊
1860,涵
1861,磷
1862,贯
1863,讼
1864,遥
1865,裤
1866,叔
1867,押
1868,撑
1869,粮
1870,漆
1871,栏
1872,欺
1873,阔
1874,届
1875,蠢
1876,俩
1877,拆
1878,f
1879,惑
1880,纠
1881,掩
1882,柜
1883,籍
1884,筹
1885,泄
1886,慈
1887,雕
1888,愚
1889,罐
1890,碱
1891,烂
1892,砂
1893,挺
1894,宙
1895,氯
1896,锻
1897,厉
1898,燥
1899,幽
1900,钥
1901,熊
1902,舰
1903,咨
1904,k
1905,浴
1906,嘛
1907,叠
1908,苯
1909,刊
1910,埋
1911,伏
1912,漠
1913,删
1914,卵
1915,炮
1916,恼
1917,K
1918,番
1919,凉
1920,唐
1921,川
1922,扔
1923,聘
1924,荐
1925,旗
1926,奉
1927,伪
1928,爵
1929,脆
1930,耀
1931,丙
1932,筒
1933,痕
1934,芯
1935,饱
1936,挡
1937,慎
1938,竭
1939,胺
1940,掘
1941,饿
1942,携
1943,爷
1944,罢
1945,晰
1946,傻
1947,秒
1948,姿
1949,氮
1950,疏
1951,馈
1952,裙
1953,坛
1954,筋
1955,姓
1956,穆
1957,锅
1958,赚
1959,劣
1960,怜
1961,尸
1962,滞
1963,屈
1964,袖
1965,傲
1966,赌
1967,敲
1968,弥
1969,膀
1970,吐
1971,纺
1972,洪
1973,杜
1974,钉
1975,匆
1976,桑
1977,肪
1978,崇
1979,铅
1980,牵
1981,蛇
1982,滩
1983,狼
1984,津
1985,剖
1986,槽
1987,拳
1988,躺
1989,熔
1990,衫
1991,惜
1992,芬
1993,桩
1994,丑
1995,炭
1996,泉
1997,垫
1998,J
1999,踢
2000,叛
2001,履
2002,扑
2003,琳
2004,隙
2005,寓
2006,胖
2007,赤
2008,钮
2009,仁
2010,昏
2011,夸
2012,欠
2013,涌
2014,惩
2015,匙
2016,擎
2017,柴
2018,锋
2019,筛
2020,剑
2021,舱
2022,脊
2023,w
2024,谊
2025,牲
2026,喂
2027,娱
2028,艘
2029,扶
2030,蔬
2031,宪
2032,盲
2033,镀
2034,v
2035,卸
2036,韦
2037,罩
2038,辉
2039,妥
2040,嵌
2041,稣
2042,驻
2043,盈
2044,岗
2045,溃
2046,躲
2047,奔
2048,卢
2049,慰
2050,氛
2051,锈
2052,霉
2053,兽
2054,绑
2055,卧
2056,悦
2057,悔
2058,宅
2059,臭
2060,喊
2061,腾
2062,宴
2063,咬
2064,逼
2065,誓
2066,酬
2067,朱
2068,淀
2069,谅
2070,踏
2071,嘉
2072,窃
2073,畅
2074,侦
2075,鲍
2076,唤
2077,啤
2078,髓
2079,拨
2080,椎
2081,憾
2082,酵
2083,祷
2084,铃
2085,膝
2086,奴
2087,沫
2088,御
2089,栓
2090,吊
2091,吞
2092,桃
2093,钙
2094,剥
2095,堪
2096,浦
2097,吁
2098,昆
2099,凸
2100,笼
2101,稿
2102,婆
2103,脾
2104,娃
2105,亨
2106,毯
2107,辱
2108,丛
2109,稻
2110,披
2111,戈
2112,斥
2113,詹
2114,羞
2115,舌
2116,茨
2117,株
2118,兔
2119,宠
2120,衍
2121,瓣
2122,堵
2123,劝
2124,缠
2125,辈
2126,役
2127,缆
2128,艇
2129,渠
2130,墓
2131,瞧
2132,瞬
2133,孙
2134,挣
2135,抬
2136,乃
2137,惨
2138,扇
2139,懒
2140,凶
2141,捉
2142,君
2143,纱
2144,窄
2145,笨
2146,砖
2147,蹈
2148,桶
2149,崩
2150,狭
2151,魅
2152,巡
2153,嗯
2154,伐
2155,契
2156,阁
2157,赠
2158,耦
2159,蜡
2160,搅
2161,酮
2162,忌
2163,劫
2164,庞
2165,轧
2166,锌
2167,悄
2168,嘿
2169,胰
2170,佣
2171,倡
2172,/
2173,膏
2174,…
2175,衷
2176,噢
2177,仇
2178,坝
2179,罕
2180,祈
2181,颇
2182,陌
2183,泊
2184,滥
2185,锐
2186,摔
2187,晓
2188,酱
2189,狮
2190,旱
2191,裹
2192,钠
2193,遮
2194,弧
2195,祸
2196,溜
2197,瑰
2198,肢
2199,悠
2200,煮
2201,刘
2202,晕
2203,棵
2204,邪
2205,嫌
2206,寂
2207,刮
2208,歇
2209,鸣
2210,柏
2211,芳
2212,锡
2213,哀
2214,浏
2215,巾
2216,兑
2217,烷
2218,饥
2219,逝
2220,竹
2221,贺
2222,肃
2223,犬
2224,峡
2225,碗
2226,飘
2227,饲
2228,讶
2229,廊
2230,瘦
2231,亏
2232,骂
2233,贪
2234,闷
2235,胚
2236,唇
2237,玫
2238,泌
2239,皱
2240,翅
2241,牺
2242,芝
2243,喻
2244,枚
2245,辣
2246,渣
2247,轰
2248,杨
2249,栽
2250,勘
2251,枯
2252,抹
2253,奈
2254,缸
2255,拾
2256,缔
2257,芽
2258,氟
2259,眉
2260,葬
2261,卓
2262,隧
2263,肚
2264,爽
2265,慌
2266,喉
2267,琼
2268,焰
2269,倦
2270,骄
2271,涡
2272,珊
2273,抚
2274,绵
2275,隶
2276,妆
2277,矮
2278,拌
2279,鹿
2280,屁
2281,攀
2282,柯
2283,溢
2284,喘
2285,杉
2286,叹
2287,拐
2288,苍
2289,猴
2290,耕
2291,伞
2292,弊
2293,涯
2294,Q
2295,渔
2296,惹
2297,窝
2298,擅
2299,盯
2300,馀
2301,骚
2302,硝
2303,颠
2304,旺
2305,柄
2306,仙
2307,仲
2308,栅
2309,钩
2310,舶
2311,抖
2312,羽
2313,穴
2314,卑
2315,弦
2316,妨
2317,缴
2318,镑
2319,蔽
2320,挫
2321,逮
2322,韧
2323,嘲
2324,裕
2325,鸭
2326,秩
2327,慕
2328,诈
2329,碑
2330,茄
2331,郎
2332,拘
2333,嫁
2334,殿
2335,侣
2336,畜
2337,丘
2338,嫩
2339,粹
2340,遣
2341,赐
2342,滨
2343,畏
2344,巢
2345,x
2346,颤
2347,贮
2348,坑
2349,梗
2350,晒
2351,拯
2352,晃
2353,咽
2354,酪
2355,帆
2356,茎
2357,酚
2358,痴
2359,祭
2360,垒
2361,黏
2362,皂
2363,咒
2364,钓
2365,+
2366,荧
2367,鹰
2368,凹
2369,皆
2370,仆
2371,溪
2372,摧
2373,棋
2374,颁
2375,撕
2376,狠
2377,卜
2378,贩
2379,塌
2380,耻
2381,酰
2382,棕
2383,萝
2384,淘
2385,霜
2386,锦
2387,迭
2388,郊
2389,盼
2390,沮
2391,贼
2392,僵
2393,藉
2394,勾
2395,廷
2396,寺
2397,咳
2398,厦
2399,驳
2400,凌
2401,讽
2402,挨
2403,帅
2404,辊
2405,奢
2406,耍
2407,烹
2408,搁
2409,鹅
2410,棍
2411,屑
2412,挽
2413,薯
2414,搏
2415,浇
2416,慨
2417,豫
2418,畸
2419,锚
2420,砍
2421,扯
2422,梳
2423,囚
2424,锥
2425,洒
2426,巫
2427,恭
2428,榜
2429,顽
2430,裸
2431,绒
2432,藻
2433,雌
2434,摊
2435,兆
2436,廓
2437,庙
2438,Y
2439,恕
2440,凑
2441,丸
2442,嗨
2443,逗
2444,坠
2445,垄
2446,酿
2447,朴
2448,醋
2449,扁
2450,厄
2451,糙
2452,泼
2453,谴
2454,募
2455,寡
2456,贾
2457,艳
2458,颅
2459,黛
2460,挪
2461,妒
2462,烛
2463,沥
2464,硕
2465,迄
2466,蕾
2467,坎
2468,蝶
2469,栋
2470,祥
2471,暑
2472,煌
2473,拱
2474,蔓
2475,岭
2476,弓
2477,矢
2478,敞
2479,疹
2480,蕴
2481,峻
2482,烫
2483,闯
2484,畴
2485,禽
2486,_
2487,疆
2488,棘
2489,臣
2490,淹
2491,碟
2492,辖
2493,橱
2494,蛮
2495,雀
2496,纲
2497,芒
2498,肖
2499,裔
2500,谦
2501,莲
2502,篷
2503,椒
2504,躁
2505,炒
2506,矶
2507,悟
2508,帘
2509,竖
2510,龟
2511,浙
2512,蓬
2513,簧
2514,匠
2515,瘾
2516,褐
2517,狐
2518,澡
2519,Z
2520,萎
2521,砸
2522,贬
2523,靶
2524,伽
2525,翔
2526,泣
2527,佐
2528,啥
2529,晴
2530,敛
2531,萃
2532,葛
2533,蛛
2534,汀
2535,奠
2536,赴
2537,沸
2538,鲸
2539,浑
2540,虾
2541,夕
2542,掺
2543,吴
2544,狄
2545,洽
2546,茫
2547,圳
2548,―
2549,锯
2550,虐
2551,惟
2552,钛
2553,萧
2554,莓
2555,晋
2556,榄
2557,芭
2558,矫
2559,柠
2560,甸
2561,愁
2562,驰
2563,镁
2564,儒
2565,蛙
2566,衔
2567,壶
2568,绸
2569,辜
2570,翁
2571,猩
2572,邓
2573,钾
2574,镍
2575,潘
2576,慷
2577,蚁
2578,苷
2579,徽
2580,勉
2581,霸
2582,刹
2583,醛
2584,塘
2585,胳
2586,掠
2587,逛
2588,愧
2589,轿
2590,谣
2591,蚊
2592,绞
2593,锤
2594,檬
2595,闸
2596,孟
2597,庸
2598,颖
2599,燕
2600,嫉
2601,吨
2602,谜
2603,橄
2604,桂
2605,淇
2606,冶
2607,宋
2608,脖
2609,踩
2610,孢
2611,烘
2612,坪
2613,俯
2614,袜
2615,屠
2616,碌
2617,哨
2618,伺
2619,辽
2620,缅
2621,烃
2622,幢
2623,枢
2624,巷
2625,虹
2626,巩
2627,懈
2628,抄
2629,恳
2630,屿
2631,腕
2632,陵
2633,拦
2634,沾
2635,凋
2636,奸
2637,肽
2638,梭
2639,娅
2640,乾
2641,栖
2642,稽
2643,哇
2644,斤
2645,铬
2646,勿
2647,膊
2648,溯
2649,涤
2650,柳
2651,呵
2652,杠
2653,侍
2654,堕
2655,厕
2656,仑
2657,鞭
2658,芦
2659,椭
2660,枕
2661,橙
2662,尉
2663,磅
2664,’
2665,馏
2666,陀
2667,葱
2668,渊
2669,惰
2670,趟
2671,韵
2672,煎
2673,祂
2674,坞
2675,棚
2676,乖
2677,钝
2678,喇
2679,爪
2680,藤
2681,宰
2682,舟
2683,谬
2684,垮
2685,─
2686,烁
2687,灿
2688,‘
2689,贿
2690,~
2691,缚
2692,堤
2693,哮
2694,赎
2695,徐
2696,狸
2697,掷
2698,涛
2699,嗽
2700,镶
2701,澄
2702,冗
2703,腻
2704,夷
2705,笛
2706,沌
2707,躯
2708,曝
2709,谍
2710,肆
2711,颌
2712,坯
2713,捆
2714,嗓
2715,胱
2716,蝇
2717,侈
2718,疡
2719,颊
2720,泻
2721,侮
2722,辟
2723,尬
2724,戚
2725,尴
2726,陋
2727,瞎
2728,趁
2729,喧
2730,厢
2731,簿
2732,沼
2733,嗜
2734,秦
2735,冥
2736,•
2737,仗
2738,妄
2739,赁
2740,梨
2741,憎
2742,傅
2743,哑
2744,靴
2745,铭
2746,杭
2747,撰
2748,哺
2749,敷
2750,珀
2751,瞄
2752,妊
2753,鄙
2754,挠
2755,逢
2756,甩
2757,熬
2758,耸
2759,徵
2760,凤
2761,陡
2762,熏
2763,痒
2764,缀
2765,呃
2766,汰
2767,熄
2768,乞
2769,绅
2770,籽
2771,厘
2772,饶
2773,驼
2774,歪
2775,琐
2776,郑
2777,蜘
2778,蒜
2779,垢
2780,昌
2781,饪
2782,娠
2783,趾
2784,嗅
2785,鸿
2786,蕉
2787,嚼
2788,杖
2789,逸
2790,溅
2791,寞
2792,菊
2793,谚
2794,睁
2795,茂
2796,侯
2797,冈
2798,灶
2799,礁
2800,沈
2801,喀
2802,瘫
2803,刃
2804,z
2805,兜
2806,崖
2807,剔
2808,捞
2809,俊
2810,僚
2811,鸦
2812,﹐
2813,媚
2814,唑
2815,窦
2816,窥
2817,娶
2818,郡
2819,睹
2820,咯
2821,帧
2822,匿
2823,阱
2824,聋
2825,啸
2826,惫
2827,颂
2828,坊
2829,蝴
2830,肘
2831,稠
2832,奎
2833,粪
2834,帖
2835,驴
2836,渍
2837,溉
2838,匪
2839,磺
2840,羡
2841,氰
2842,疤
2843,钞
2844,哄
2845,阈
2846,炫
2847,碧
2848,耽
2849,疮
2850,茅
2851,翠
2852,盔
2853,绣
2854,瞒
2855,昔
2856,钦
2857,诀
2858,亭
2859,杏
2860,茜
2861,豹
2862,噬
2863,桨
2864,驯
2865,紊
2866,惕
2867,喔
2868,蟹
2869,橘
2870,挚
2871,崛
2872,～
2873,碘
2874,咪
2875,窍
2876,坟
2877,屉
2878,崭
2879,咸
2880,庇
2881,嘱
2882,浩
2883,遏
2884,淫
2885,|
2886,诵
2887,骼
2888,拙
2889,蠕
2890,肋
2891,豚
2892,砌
2893,昧
2894,纬
2895,瑜
2896,筝
2897,姜
2898,婪
2899,旷
2900,粥
2901,呕
2902,濒
2903,捡
2904,弈
2905,髦
2906,萌
2907,窑
2908,稼
2909,樱
2910,寨
2911,焚
2912,溺
2913,姨
2914,弛
2915,怯
2916,簇
2917,鸽
2918,棱
2919,诡
2920,癫
2921,卒
2922,и
2923,晤
2924,毅
2925,浊
2926,肮
2927,陛
2928,赵
2929,踝
2930,蜗
2931,铀
2932,嚷
2933,扼
2934,篱
2935,蚕
2936,栈
2937,脓
2938,悯
2939,鲨
2940,诅
2941,妖
2942,瞪
2943,捧
2944,蔑
2945,馅
2946,琪
2947,虔
2948,拷
2949,羟
2950,凿
2951,飓
2952,蚂
2953,哎
2954,滔
2955,铲
2956,佑
2957,锰
2958,傍
2959,菇
2960,朽
2961,咐
2962,鳞
2963,玲
2964,捣
2965,姚
2966,俘
2967,绷
2968,栗
2969,掏
2970,咙
2971,贱
2972,吼
2973,臀
2974,盏
2975,苛
2976,陕
2977,妳
2978,狡
2979,醚
2980,苔
2981,妓
2982,瑚
2983,岂
2984,灼
2985,．
2986,叭
2987,乒
2988,勋
2989,劈
2990,钳
2991,沛
2992,亟
2993,捏
2994,魁
2995,涅
2996,跪
2997,薇
2998,吟
2999,睫
3000,墅
3001,疟
3002,眩
3003,袍
3004,锂
3005,硼
3006,舆
3007,淆
3008,嘘
3009,诫
3010,痫
3011,穗
3012,屡
3013,秃
3014,斧
3015,絮
3016,乓
3017,峭
3018,蹦
3019,疚
3020,睾
3021,褶
3022,崔
3023,槟
3024,瀑
3025,馨
3026,彰
3027,肴
3028,咎
3029,懦
3030,砰
3031,恤
3032,叨
3033,掀
3034,悼
3035,熵
3036,铣
3037,汞
3038,徙
3039,拧
3040,娇
3041,扳
3042,涩
3043,吾
3044,舵
3045,荫
3046,斐
3047,榴
3048,绊
3049,芙
3050,贞
3051,拇
3052,俭
3053,蹄
3054,侠
3055,
3056,抨
3057,骆
3058,褪
3059,逾
3060,膳
3061,聆
3062,佬
3063,迦
3064,卿
3065,戳
3066,宵
3067,吩
3068,疵
3069,嗡
3070,哩
3071,鞍
3072,撇
3073,睐
3074,帜
3075,翘
3076,桔
3077,汶
3078,勺
3079,腱
3080,囱
3081,豁
3082,僧
3083,拢
3084,眨
3085,沐
3086,铵
3087,窒
3088,彭
3089,稚
3090,殷
3091,诠
3092,蹲
3093,叮
3094,赂
3095,哼
3096,倘
3097,窟
3098,玄
3099,蔗
3100,蝠
3101,孵
3102,鞘
3103,淤
3104,岔
3105,鼎
3106,磋
3107,娩
3108,吱
3109,炬
3110,莽
3111,*
3112,痰
3113,咕
3114,彬
3115,凳
3116,冯
3117,禅
3118,揽
3119,髋
3120,觅
3121,柿
3122,魏
3123,僻
3124,痹
3125,渺
3126,剃
3127,瑕
3128,鳄
3129,贤
3130,湍
3131,凄
3132,嘎
3133,窘
3134,缕
3135,噩
3136,瞥
3137,赦
3138,榨
3139,怠
3140,砾
3141,暇
3142,婉
3143,釉
3144,「
3145,墟
3146,倚
3147,甫
3148,呐
3149,渥
3150,椰
3151,纶
3152,挛
3153,瞩
3154,揉
3155,–
3156,汹
3157,簸
3158,蝙
3159,淬
3160,卤
3161,兮
3162,谤
3163,溴
3164,酗
3165,绎
3166,歹
3167,妞
3168,辰
3169,砷
3170,撼
3171,煽
3172,柬
3173,哗
3174,膛
3175,柑
3176,灸
3177,疱
3178,唔
3179,牡
3180,啮
3181,躬
3182,昭
3183,旳
3184,吝
3185,j
3186,喋
3187,埔
3188,趴
3189,俺
3190,荆
3191,翩
3192,旬
3193,焕
3194,猾
3195,钼
3196,唠
3197,钨
3198,侄
3199,饵
3200,昼
3201,捍
3202,痪
3203,骸
3204,汪
3205,忱
3206,悖
3207,箔
3208,痘
3209,湛
3210,唾
3211,焙
3212,腌
3213,惶
3214,沦
3215,咀
3216,魄
3217,冕
3218,瞻
3219,蘑
3220,熨
3221,黯
3222,铰
3223,跤
3224,鹤
3225,吡
3226,」
3227,徊
3228,岳
3229,後
3230,揍
3231,痊
3232,崎
3233,蔼
3234,匈
3235,徘
3236,菱
3237,霞
3238,
3239,姊
3240,－
3241,渲
3242,亩
3243,拂
3244,脐
3245,蒋
3246,叁
3247,啪
3248,枣
3249,毙
3250,羔
3251,睑
3252,笆
3253,硒
3254,芥
3255,毋
3256,秤
3257,飙
3258,遂
3259,墩
3260,梵
3261,肛
3262,潭
3263,楔
3264,诽
3265,抉
3266,嬉
3267,怡
3268,琢
3269,澈
3270,啶
3271,腥
3272,梢
3273,℃
3274,郭
3275,嘶
3276,碾
3277,靡
3278,窜
3279,拭
3280,殴
3281,孝
3282,曹
3283,狩
3284,痉
3285,戊
3286,於
3287,湘
3288,鹦
3289,盎
3290,熙
3291,毗
3292,姬
3293,葵
3294,瘟
3295,冤
3296,睦
3297,屎
3298,竿
3299,镖
3300,棺
3301,舅
3302,侏
3303,嘻
3304,乍
3305,绽
3306,孽
3307,暮
3308,轭
3309,骇
3310,淮
3311,拣
3312,唉
3313,枫
3314,阑
3315,鹉
3316,酋
3317,刨
3318,缎
3319,茸
3320,畔
3321,筷
3322,秽
3323,#
3324,犁
3325,菠
3326,舔
3327,秆
3328,蛾
3329,焉
3330,纫
3331,皿
3332,眶
3333,癖
3334,卦
3335,煞
3336,嚣
3337,炖
3338,啬
3339,讳
3340,拴
3341,鞠
3342,宛
3343,寝
3344,氓
3345,丐
3346,孜
3347,雏
3348,衅
3349,舷
3350,汲
3351,曳
3352,耿
3353,吕
3354,婊
3355,亥
3356,忏
3357,蜒
3358,缪
3359,烙
3360,〕
3361,淌
3362,朦
3363,侨
3364,匮
3365,槛
3366,抒
3367,〔
3368,胫
3369,镉
3370,悍
3371,笋
3372,绚
3373,幔
3374,犀
3375,亵
3376,蜿
3377,腈
3378,喃
3379,钴
3380,羚
3381,螨
3382,萤
3383,q
3384,斩
3385,铂
3386,卉
3387,瘀
3388,炽
3389,肇
3390,懊
3391,荟
3392,拮
3393,蒲
3394,饺
3395,窖
3396,橇
3397,榈
3398,吠
3399,垦
3400,辙
3401,酌
3402,汕
3403,虏
3404,爹
3405,蔡
3406,羧
3407,胧
3408,蝎
3409,坍
3410,啼
3411,俏
3412,瘘
3413,嚏
3414,缉
3415,睬
3416,羁
3417,呜
3418,攒
3419,隘
3420,鸥
3421,晾
3422,蜥
3423,圭
3424,扒
3425,龈
3426,茱
3427,秉
3428,洼
3429,茧
3430,凰
3431,琌
3432,筏
3433,寥
3434,︰
3435,撬
3436,跋
3437,腋
3438,讥
3439,秸
3440,脲
3441,嘈
3442,厥
3443,蚤
3444,桅
3445,拽
3446,酥
3447,芹
3448,鄂
3449,猿
3450,涕
3451,咧
3452,嗪
3453,桁
3454,陨
3455,惬
3456,烬
3457,呻
3458,渎
3459,芜
3460,咆
3461,菩
3462,绰
3463,嗦
3464,孪
3465,螂
3466,粤
3467,恍
3468,颞
3469,臼
3470,嘟
3471,腮
3472,沧
3473,眷
3474,弘
3475,霆
3476,彗
3477,苟
3478,咋
3479,慑
3480,鳍
3481,α
3482,斋
3483,ぃ
3484,腓
3485,瘢
3486,锆
3487,栩
3488,颚
3489,瞰
3490,β
3491,疝
3492,唬
3493,汐
3494,茵
3495,啃
3496,驭
3497,噜
3498,悚
3499,啉
3500,妃
3501,踱
3502,芪
3503,竣
3504,搂
3505,揣
3506,箍
3507,锭
3508,莹
3509,穹
3510,戮
3511,钡
3512,枉
3513,帷
3514,赘
3515,篡
3516,夥
3517,钎
3518,惭
3519,哟
3520,捻
3521,蛀
3522,玷
3523,酐
3524,豌
3525,蜴
3526,颓
3527,澜
3528,渤
3529,琥
3530,巅
3531,渝
3532,搓
3533,忡
3534,
3535,氦
3536,夭
3537,檐
3538,酝
3539,蜷
3540,晦
3541,幂
3542,淑
3543,憩
3544,恙
3545,蹭
3546,炙
3547,禾
3548,钒
3549,鲑
3550,祛
3551,扛
3552,逞
3553,丫
3554,缭
3555,藐
3556,楞
3557,掐
3558,粟
3559,嗒
3560,翡
3561,狙
3562,桐
3563,腭
3564,芋
3565,茉
3566,婶
3567,蕊
3568,漩
3569,谭
3570,萦
3571,哒
3572,亢
3573,斟
3574,涎
3575,冀
3576,裘
3577,镯
3578,蜕
3579,缄
3580,荚
3581,祟
3582,虱
3583,冉
3584,雁
3585,毡
3586,啄
3587,铐
3588,葫
3589,蔚
3590,逍
3591,榆
3592,肱
3593,牠
3594,岖
3595,奄
3596,屯
3597,铆
3598,糜
3599,咄
3600,蟑
3601,悴
3602,漓
3603,箴
3604,跚
3605,睿
3606,雹
3607,曙
3608,脯
3609,憔
3610,跛
3611,沪
3612,嚎
3613,瞭
3614,蛎
3615,诧
3616,盹
3617,潇
3618,蕃
3619,蝗
3620,瘠
3621,遐
3622,婷
3623,赃
3624,摒
3625,蹒
3626,龋
3627,谛
3628,涸
3629,薰
3630,岌
3631,迥
3632,猖
3633,叽
3634,氩
3635,糠
3636,捅
3637,鹏
3638,祀
3639,蚓
3640,侥
3641,莞
3642,罹
3643,嬷
3644,蛤
3645,矽
3646,炔
3647,啰
3648,苇
3649,眺
3650,俚
3651,辗
3652,攘
3653,祢
3654,們
3655,帚
3656,蜚
3657,裳
3658,瘸
3659,吏
3660,襟
3661,昵
3662,疙
3663,顷
3664,壹
3665,辫
3666,潦
3667,羹
3668,螃
3669,靓
3670,
3671,曰
3672,苞
3673,耙
3674,仕
3675,轩
3676,缤
3677,娴
3678,瘩
3679,柚
3680,疣
3681,踵
3682,愕
3683,漱
3684,搀
3685,堰
3686,楷
3687,甙
3688,匣
3689,泞
3690,崽
3691,甾
3692,潺
3693,譬
3694,伎
3695,癣
3696,猝
3697,蕨
3698,鞣
3699,炊
3700,瀚
3701,诲
3702,雳
3703,袒
3704,梧
3705,喳
3706,兢
3707,瞌
3708,寇
3709,迂
3710,呛
3711,殆
3712,檀
3713,{
3714,闽
3715,蒿
3716,瘪
3717,蓉
3718,咏
3719,呱
3720,挟
3721,霹
3722,瞳
3723,伶
3724,垩
3725,唧
3726,镰
3727,姗
3728,鱿
3729,蓿
3730,哌
3731,谘
3732,矗
3733,倔
3734,邱
3735,邋
3736,痤
3737,苜
3738,釜
3739,骡
3740,骶
3741,鲤
3742,纾
3743,薛
3744,牟
3745,忿
3746,腆
3747,哆
3748,筐
3749,犊
3750,捂
3751,苣
3752,苑
3753,辍
3754,暧
3755,鼾
3756,馁
3757,嫂
3758,
3759,绢
3760,茬
3761,姥
3762,潢
3763,}
3764,喹
3765,蚜
3766,樟
3767,眯
3768,莺
3769,闩
3770,`
3771,疽
3772,寐
3773,$
3774,霄
3775,撮
3776,攸
3777,萍
3778,俐
3779,褥
3780,秧
3781,搪
3782,莪
3783,骏
3784,×
3785,庐
3786,甄
3787,噻
3788,殉
3789,憋
3790,跷
3791,孚
3792,裨
3793,歼
3794,瞅
3795,坷
3796,萘
3797,愣
3798,颐
3799,荔
3800,袱
3801,纂
3802,禀
3803,藓
3804,迸
3805,獗
3806,遢
3807,膈
3808,偎
3809,鹃
3810,峙
3811,惚
3812,篝
3813,硂
3814,翱
3815,憧
3816,憬
3817,锑
3818,楣
3819,蹬
3820,壕
3821,奕
3822,揪
3823,禄
3824,蘸
3825,蚯
3826,辘
3827,蹑
3828,吮
3829,涟
3830,朔
3831,锄
3832,苄
3833,佼
3834,喱
3835,赣
3836,琵
3837,嘧
3838,锣
3839,蹩
3840,眸
3841,旭
3842,腼
3843,喽
3844,琅
3845,嗤
3846,诙
3847,瑙
3848,扉
3849,貂
3850,杞
3851,屹
3852,巍
3853,邃
3854,唆
3855,鳗
3856,剽
3857,夯
3858,摹
3859,厮
3860,荪
3861,粕
3862,±
3863,暨
3864,毂
3865,痔
3866,桡
3867,疸
3868,膦
3869,擂
3870,笃
3871,滇
3872,蟾
3873,枷
3874,涝
3875,磕
3876,搔
3877,彷
3878,○
3879,黝
3880,靖
3881,噶
3882,榻
3883,邸
3884,搐
3885,袁
3886,邑
3887,蹋
3888,蜀
3889,痢
3890,媲
3891,蔷
3892,∶
3893,恺
3894,鸠
3895,卟
3896,赊
3897,漾
3898,／
3899,跻
3900,熠
3901,砧
3902,瓢
3903,褒
3904,媳
3905,痣
3906,麼
3907,坳
3908,髅
3909,恪
3910,呤
3911,髁
3912,惋
3913,炯
3914,鑫
3915,厩
3916,枸
3917,桦
3918,轶
3919,麝
3920,迩
3921,哝
3922,嘀
3923,铎
3924,荨
3925,盂
3926,霓
3927,砼
3928,铈
3929,粱
3930,癜
3931,峨
3932,札
3933,酊
3934,挝
3935,骰
3936,叼
3937,缇
3938,珈
3939,骷
3940,猕
3941,啾
3942,怂
3943,俑
3944,磐
3945,茁
3946,讬
3947,醺
3948,芸
3949,蜻
3950,髌
3951,芩
3952,珥
3953,矸
3954,蛹
3955,麸
3956,娥
3957,敝
3958,恬
3959,绯
3960,锗
3961,皑
3962,楠
3963,囤
3964,嗝
3965,髂
3966,狈
3967,莴
3968,榔
3969,殃
3970,藜
3971,踌
3972,躇
3973,莅
3974,驹
3975,锢
3976,阜
3977,腑
3978,鳃
3979,霾
3980,怦
3981,圃
3982,囗
3983,琉
3984,铛
3985,捎
3986,磊
3987,诋
3988,蜓
3989,恿
3990,匕
3991,拎
3992,缮
3993,叩
3994,垛
3995,钯
3996,遛
3997,谧
3998,沁
3999,糯
4000,荼
4001,漪
4002,幌
4003,螯
4004,蝉
4005,﹑
4006,祉
4007,斓
4008,雍
4009,喙
4010,γ
4011,刁
4012,榷
4013,惘
4014,馒
4015,孰
4016,镭
4017,罂
4018,笺
4019,臆
4020,峦
4021,羯
4022,惺
4023,蹂
4024,躏
4025,澎
4026,汝
4027,坤
4028,汛
4029,璀
4030,袅
4031,烩
4032,臻
4033,驿
4034,侃
4035,埠
4036,掸
4037,萼
4038,禧
4039,槐
4040,缰
4041,啜
4042,诬
4043,昙
4044,湮
4045,倪
4046,撩
4047,擒
4048,沓
4049,锹
4050,璨
4051,寰
4052,桉
4053,耘
4054,槌
4055,漉
4056,彝
4057,诣
4058,攫
4059,菁
4060,傀
4061,儡
4062,湄
4063,忒
4064,�
4065,凛
4066,沂
4067,匝
4068,绌
4069,婿
4070,惮
4071,蟒
4072,踉
4073,汩
4074,呋
4075,瘙
4076,吭
4077,蒽
4078,拗
4079,鸵
4080,赡
4081,唷
4082,刍
4083,萜
4084,醌
4085,皈
4086,矣
4087,掳
4088,谕
4089,酣
4090,﹕
4091,菸
4092,麟
4093,蓟
4094,戟
4095,跺
4096,跄
4097,洱
4098,
4099,悸
4100,铋
4101,狒
4102,踊
4103,扪
4104,矾
4105,讪
4106,窿
4107,钵
4108,噎
4109,潍
4110,葆
4111,哉
4112,遁
4113,瑶
4114,晖
4115,阪
4116,蓓
4117,咚
4118,贲
4119,驮
4120,
4121,槲
4122,搽
4123,筵
4124,斡
4125,蜍
4126,蚱
4127,嗖
4128,ㄓ
4129,
4130,鹊
4131,獭
4132,捶
4133,奚
4134,恃
4135,璶
4136,鼬
4137,胛
4138,镓
4139,煅
4140,娄
4141,芮
4142,栀
4143,彦
4144,匍
4145,舀
4146,嘌
4147,嬗
4148,鳕
4149,匐
4150,鹭
4151,铌
4152,彪
4153,讹
4154,琶
4155,蔻
4156,谄
4157,癸
4158,兀
4159,麓
4160,哽
4161,胍
4162,珑
4163,氡
4164,渭
4165,羰
4166,踮
4167,阂
4168,赝
4169,滕
4170,麋
4171,咔
4172,嗣
4173,菅
4174,藩
4175,猥
4176,蜇
4177,韶
4178,蟋
4179,【
4180,睽
4181,骋
4182,匡
4183,撵
4184,绉
4185,殡
4186,镧
4187,鬃
4188,碞
4189,邯
4190,】
4191,壑
4192,涓
4193,忐
4194,剁
4195,楂
4196,褛
4197,噼
4198,粽
4199,虞
4200,闺
4201,忑
4202,ぐ
4203,傢
4204,亘
4205,湃
4206,膺
4207,庚
4208,曦
4209,拄
4210,Τ
4211,篓
4212,锶
4213,锉
4214,铟
4215,黔
4216,蝌
4217,淳
4218,钽
4219,猬
4220,侬
4221,逅
4222,〉
4223,跆
4224,魇
4225,°
4226,褴
4227,娼
4228,惦
4229,蚪
4230,袤
4231,棠
4232,蛰
4233,蟀
4234,為
4235,
4236,酞
4237,蛭
4238,邂
4239,阉
4240,肟
4241,啧
4242,萸
4243,鹫
4244,噗
4245,怅
4246,谟
4247,會
4248,μ
4249,沽
4250,赈
4251,佔
4252,辄
4253,拚
4254,鳟
4255,焓
4256,鹑
4257,祁
4258,裱
4259,蝮
4260,蹊
4261,妩
4262,飕
4263,笵
4264,斌
4265,绥
4266,攥
4267,铑
4268,個
4269,镗
4270,岐
4271,堑
4272,劾
4273,伱
4274,砜
4275,撂
4276,稱
4277,來
4278,
4279,龛
4280,弩
4281,祠
4282,獾
4283,俨
4284,→
4285,珂
4286,撷
4287,蜱
4288,娓
4289,荞
4290,芷
4291,蛆
4292,蚴
4293,氙
4294,掣
4295,哧
4296,
4297,谙
4298,掂
4299,岱
4300,閒
4301,茴
4302,盥
4303,伫
4304,邵
4305,鼹
4306,芍
4307,
4308,傣
4309,咫
4310,隅
4311,佃
4312,摺
4313,酩
4314,蓖
4315,啁
4316,蚌
4317,涮
4318,鹌
4319,陇
4320,茹
4321,碴
4322,粼
4323,垣
4324,牦
4325,芎
4326,掰
4327,邢
4328,汾
4329,踞
4330,沏
4331,螳
4332,惴
4333,羌
4334,襄
4335,恸
4336,滓
4337,矜
4338,幺
4339,浣
4340,铠
4341,坩
4342,雯
4343,藕
4344,榕
4345,侗
4346,阮
4347,镊
4348,霎
4349,炳
4350,喵
4351,ê
4352,穦
4353,郸
4354,鍊
4355,宕
4356,佯
4357,觑
4358,聂
4359,飒
4360,剿
4361,侪
4362,俞
4363,扦
4364,颧
4365,谀
4366,甥
4367,摈
4368,孀
4369,隋
4370,皖
4371,揩
4372,霭
4373,钕
4374,﹒
4375,撅
4376,狞
4377,樊
4378,煲
4379,藿
4380,瞟
4381,谩
4382,镣
4383,吲
4384,迴
4385,榛
4386,皙
4387,說
4388,鲈
4389,痂
4390,浚
4391,叟
4392,垠
4393,蜃
4394,％
4395,犷
4396,钧
4397,剌
4398,迢
4399,绦
4400,臃
4401,嚓
4402,湎
4403,镂
4404,吆
4405,肼
4406,鲎
4407,妾
4408,琦
4409,埚
4410,恣
4411,莨
4412,菪
4413,①
4414,遴
4415,甭
4416,廖
4417,咩
4418,忖
4419,岬
4420,煦
4421,蹴
4422,颏
4423,②
4424,鳖
4425,霖
4426,蜢
4427,罔
4428,郝
4429,樵
4430,葩
4431,眈
4432,氖
4433,漳
4434,贻
4435,朊
4436,栎
4437,淄
4438,鞑
4439,铍
4440,眔
4441,
4442,遨
4443,纭
4444,韭
4445,牒
4446,镐
4447,〈
4448,堇
4449,徨
4450,鳌
4451,鬓
4452,娟
4453,谆
4454,璜
4455,焖
4456,踹
4457,氪
4458,铯
4459,懵
4460,珐
4461,冽
4462,哚
4463,咻
4464,靛
4465,泾
4466,螟
4467,镳
4468,讷
4469,咭
4470,＂
4471,峪
4472,Ⅰ
4473,婢
4474,胬
4475,蓦
4476,檗
4477,龚
4478,嗑
4479,闰
4480,馥
4481,鲟
4482,犸
4483,籁
4484,戾
4485,俾
4486,尹
4487,裴
4488,阎
4489,钇
4490,馋
4491,瓮
4492,蟆
4493,舐
4494,诘
4495,偕
4496,钚
4497,捺
4498,竺
4499,翌
4500,榫
4501,梆
4502,祗
4503,禹
4504,楝
4505,燎
4506,廿
4507,掖
4508,簌
4509,弋
4510,隼
4511,囔
4512,嵴
4513,龌
4514,靼
4515,柞
4516,饯
4517,鲱
4518,恫
4519,跖
4520,椿
4521,涧
4522,抠
4523,擞
4524,荤
4525,龊
4526,嫖
4527,苋
4528,邹
4529,戎
4530,憨
4531,谑
4532,诃
4533,轼
4534,耷
4535,蝽
4536,镦
4537,皓
4538,坂
4539,瘁
4540,嶙
4541,铮
4542,嫦
4543,徉
4544,蜈
4545,钣
4546,蹶
4547,徕
4548,潴
4549,痿
4550,刽
4551,啲
4552,鄱
4553,碉
4554,虻
4555,蚣
4556,坨
4557,擤
4558,
4559,昴
4560,慵
4561,鸢
4562,梏
4563,尧
4564,倩
4565,鑑
4566,匾
4567,拈
4568,徜
4569,苎
4570,巯
4571,搡
4572,璇
4573,桎
4574,刈
4575,唛
4576,蛔
4577,醣
4578,瞠
4579,铒
4580,籼
4581,胭
4582,
4583,孳
4584,偻
4585,镕
4586,铿
4587,沒
4588,峋
4589,^
4590,淙
4591,禺
4592,婀
4593,扈
4594,艮
4595,泸
4596,黍
4597,锵
4598,惆
4599,箕
4600,髻
4601,挎
4602,荃
4603,翟
4604,杳
4605,呷
4606,淅
4607,
4608,捋
4609,蒴
4610,戛
4611,Ⅱ
4612,榭
4613,噱
4614,摁
4615,敖
4616,讣
4617,蛊
4618,巳
4619,儆
4620,衙
4621,氘
4622,哔
4623,骺
4624,隽
4625,鳝
4626,烊
4627,⊿
4628,筁
4629,蹙
4630,璐
4631,挞
4632,呗
4633,绮
4634,蒐
4635,绺
4636,蘖
4637,庶
4638,缥
4639,缈
4640,濮
4641,锲
4642,钜
4643,螫
4644,俸
4645,趸
4646,誊
4647,摞
4648,铉
4649,媛
4650,岑
4651,佝
4652,枇
4653,杷
4654,帛
4655,讫
4656,砺
4657,桓
4658,晌
4659,螈
4660,砝
4661,吖
4662,對
4663,ㄆ
4664,鬣
4665,辕
4666,泯
4667,苓
4668,啕
4669,黜
4670,岚
4671,缛
4672,妍
4673,冢
4674,豺
4675,鹈
4676,褓
4677,蹿
4678,●
4679,
4680,蚝
4681,狰
4682,恻
4683,孑
4684,谔
4685,铱
4686,甬
4687,揶
4688,揄
4689,袄
4690,怔
4691,璧
4692,③
4693,痞
4694,谒
4695,笠
4696,哞
4697,箫
4698,馊
4699,纰
4700,怏
4701,ネ
4702,啷
4703,钌
4704,燧
4705,姣
4706,祇
4707,篆
4708,胥
4709,毓
4710,酉
4711,诿
4712,皎
4713,鲫
4714,莆
4715,蹼
4716,鹕
4717,硐
4718,饕
4719,铤
4720,町
4721,瓯
4722,篪
4723,麒
4724,鲶
4725,荀
4726,燔
4727,雉
4728,暄
4729,浃
4730,鹳
4731,岷
4732,橼
4733,呦
4734,氚
4735,珩
4736,時
4737,焗
4738,莘
4739,烽
4740,裡
4741,杵
4742,芫
4743,蕈
4744,诟
4745,菖
4746,嫣
4747,膘
4748,缬
4749,抿
4750,夙
4751,擀
4752,噤
4753,骁
4754,內
4755,菂
4756,礴
4757,
4758,囿
4759,枭
4760,闆
4761,臊
4762,嵩
4763,庵
4764,佰
4765,觎
4766,槭
4767,寅
4768,裆
4769,玺
4770,嗳
4771,咂
4772,卯
4773,罄
4774,唁
4775,蜊
4776,碲
4777,
4778,
4779,淖
4780,沱
4781,砚
4782,饨
4783,昊
4784,捱
4785,怙
4786,碇
4787,爲
4788,彤
4789,笞
4790,泮
4791,肓
4792,黉
4793,抡
4794,遽
4795,娑
4796,耆
4797,嗥
4798,桀
4799,莠
4800,骐
4801,嘅
4802,宦
4803,鸳
4804,鸯
4805,诳
4806,诶
4807,砥
4808,襁
4809,笙
4810,開
4811,胯
4812,缜
4813,還
4814,羲
4815,粳
4816,｡
4817,壬
4818,涣
4819,癞
4820,闵
4821,馄
4822,沵
4823,鹬
4824,镫
4825,□
4826,觊
4827,倏
4828,荽
4829,‧
4830,滦
4831,噘
4832,褂
4833,诛
4834,
4835,р
4836,餮
4837,蓣
4838,鲢
4839,嘭
4840,玮
4841,翎
4842,怆
4843,蝾
4844,杓
4845,嘁
4846,ㄇ
4847,疭
4848,竒
4849,
4850,掬
4851,泓
4852,俪
4853,诏
4854,韬
4855,诌
4856,祺
4857,糗
4858,咝
4859,觐
4860,箩
4861,鞅
4862,癔
4863,辋
4864,醪
4865,箝
4866,盅
4867,珏
4868,阖
4869,薏
4870,谏
4871,俟
4872,偃
4873,捲
4874,疥
4875,麂
4876,徇
4877,梓
4878,镱
4879,蚧
4880,襞
4881,煨
4882,镌
4883,瘴
4884,蔫
4885,牍
4886,蠹
4887,杈
4888,
4889,圩
4890,菏
4891,嗷
4892,骜
4893,郴
4894,擘
4895,徳
4896,嗬
4897,胼
4898,胝
4899,熹
4900,濡
4901,呸
4902,钬
4903,嗎
4904,
4905,┮
4906,丶
4907,篦
4908,嗔
4909,钍
4910,栉
4911,锏
4912,幡
4913,瞿
4914,現
4915,丞
4916,枳
4917,贰
4918,咿
4919,埂
4920,旌
4921,涐
4922,蠓
4923,蒡
4924,斛
4925,痍
4926,δ
4927,椽
4928,
4929,т
4930,豉
4931,佗
4932,晷
4933,薹
4934,疖
4935,榉
4936,艉
4937,胄
4938,琛
4939,鲕
4940,鲭
4941,诩
4942,痼
4943,腩
4944,洩
4945,仄
4946,楦
4947,炕
4948,陲
4949,萱
4950,悻
4951,谗
4952,咦
4953,種
4954,
4955,
4956,渚
4957,妲
4958,鲆
4959,舜
4960,蜉
4961,鳅
4962,懑
4963,孱
4964,佢
4965,聒
4966,［
4967,壅
4968,衪
4969,忸
4970,颍
4971,俳
4972,鬈
4973,嘹
4974,黠
4975,π
4976,戍
4977,﹖
4978,奂
4979,′
4980,璞
4981,眦
4982,叱
4983,讓
4984,≤
4985,
4986,
4987,铊
4988,赅
4989,鲔
4990,畲
4991,锇
4992,迳
4993,棂
4994,朕
4995,荠
4996,椹
4997,偌
4998,枞
4999,Δ
5000,暹
5001,羿
5002,檫
5003,钗
5004,阄
5005,佻
5006,孺
5007,畦
5008,ǐ
5009,
5010,㎝
5011,忻
5012,诮
5013,锃
5014,诨
5015,霰
5016,鹜
5017,愫
5018,巿
5019,噔
5020,腘
5021,捩
5022,赭
5023,塾
5024,苡
5025,獠
5026,瘿
5027,怩
5028,犄
5029,祜
5030,冇
5031,啻
5032,經
5033,△
5034,蠊
5035,唏
5036,阙
5037,佚
5038,
5039,
5040,钹
5041,滂
5042,■
5043,倌
5044,產
5045,弭
5046,茗
5047,窕
5048,嬴
5049,沭
5050,喏
5051,腴
5052,饷
5053,铷
5054,篾
5055,镬
5056,咣
5057,浒
5058,
5059,
5060,桢
5061,洄
5062,叻
5063,炜
5064,颔
5065,窈
5066,埕
5067,噙
5068,茯
5069,τ
5070,婕
5071,※
5072,觞
5073,郯
5074,馍
5075,蓼
5076,囧
5077,趄
5078,缨
5079,當
5080,啐
5081,Ω
5082,そ
5083,≥
5084,禬
5085,禗
5086,潼
5087,嫡
5088,婺
5089,行
5090,殒
5091,砭
5092,跗
5093,缙
5094,诰
5095,钊
5096,衢
5097,瓿
5098,汊
5099,犰
5100,該
5101,間
5102,變
5103,◎
5104,倭
5105,蛉
5106,挲
5107,龇
5108,旎
5109,ウ
5110,谵
5111,亳
5112,遑
5113,岿
5114,芨
5115,蝣
5116,菟
5117,卞
5118,瓤
5119,舛
5120,獒
5121,掮
5122,溥
5123,壆
5124,麾
5125,槿
5126,胴
5127,缫
5128,瀛
5129,曜
5130,犟
5131,崂
5132,袢
5133,脒
5134,隍
5135,鹞
5136,愠
5137,給
5138,狳
5139,钆
5140,珞
5141,艏
5142,痱
5143,莳
5144,芡
5145,″
5146,垭
5147,請
5148,稔
5149,
5150,
5151,讦
5152,應
5153,铕
5154,蚋
5155,栾
5156,﹗
5157,呎
5158,浜
5159,棣
5160,厝
5161,璋
5162,痧
5163,樽
5164,睇
5165,皋
5166,醯
5167,柢
5168,仃
5169,點
5170,發
5171,卅
5172,剜
5173,哐
5174,娲
5175,魆
5176,柩
5177,蕙
5178,骛
5179,纨
5180,濯
5181,機
5182,皒
5183,螅
5184,媾
5185,犒
5186,玑
5187,绗
5188,嗄
5189,旖
5190,趔
5191,將
5192,叵
5193,嘣
5194,啭
5195,禮
5196,馬
5197,だ
5198,﹚
5199,
5200,
5201,礚
5202,殓
5203,屐
5204,诂
5205,袂
5206,理
5207,擢
5208,剐
5209,糅
5210,蒺
5211,忤
5212,靥
5213,塬
5214,泗
5215,飚
5216,跎
5217,囹
5218,昕
5219,翳
5220,舢
5221,嵊
5222,糨
5223,筘
5224,锺
5225,讴
5226,篙
5227,孬
5228,岫
5229,愛
5230,霏
5231,踽
5232,洙
5233,缢
5234,樣
5235,髭
5236,莜
5237,
5238,〇
5239,眖
5240,﹁
5241,獺
5242,稗
5243,椴
5244,煸
5245,羸
5246,Ⅲ
5247,硪
5248,庖
5249,惇
5250,桠
5251,佤
5252,不
5253,荏
5254,呣
5255,筱
5256,飨
5257,掇
5258,蝰
5259,楹
5260,脍
5261,呓
5262,曩
5263,滁
5264,鸪
5265,衩
5266,結
5267,晟
5268,讧
5269,裟
5270,乜
5271,僭
5272,揿
5273,裥
5274,湟
5275,潸
5276,◇
5277,晏
5278,別
5279,薮
5280,鲵
5281,铧
5282,銮
5283,親
5284,癬
5285,笷
5286,硷
5287,峥
5288,嵘
5289,碁
5290,墒
5291,玳
5292,骠
5293,肄
5294,瑛
5295,唢
5296,鲡
5297,蹉
5298,圄
5299,蟠
5300,蚬
5301,幄
5302,铄
5303,钐
5304,畿
5305,葺
5306,』
5307,鹧
5308,κ
5309,進
5310,劵
5311,髯
5312,铽
5313,鳐
5314,皲
5315,傩
5316,伉
5317,罘
5318,洮
5319,迤
5320,芘
5321,絲
5322,齣
5323,栲
5324,阛
5325,阓
5326,骅
5327,漕
5328,涔
5329,い
5330,㎡
5331,Θ
5332,狦
5333,е
5334,
5335,缦
5336,脘
5337,轫
5338,〝
5339,〞
5340,沅
5341,秕
5342,哋
5343,钪
5344,毽
5345,稷
5346,恁
5347,寮
5348,绶
5349,『
5350,鹂
5351,囵
5352,並
5353,泅
5354,愆
5355,鸬
5356,铪
5357,菀
5358,骈
5359,铡
5360,嫔
5361,鲷
5362,θ
5363,矍
5364,臧
5365,東
5366,菝
5367,葜
5368,確
5369,咁
5370,動
5371,蓊
5372,ρ
5373,話
5374,遯
5375,ぱ
5376,秈
5377,盿
5378,み
5379,
5380,
5381,ぇ
5382,
5383,
5384,槁
5385,掴
5386,楸
5387,谪
5388,④
5389,愎
5390,昱
5391,谲
5392,痨
5393,睨
5394,簪
5395,漯
5396,帶
5397,\
5398,缟
5399,咛
5400,崴
5401,囫
5402,篑
5403,鸨
5404,焘
5405,粲
5406,龃
5407,龉
5408,涪
5409,兖
5410,呲
5411,豇
5412,奘
5413,˙
5414,妪
5415,丕
5416,恹
5417,虺
5418,荻
5419,☆
5420,鲯
5421,
5422,ア
5423,
5424,よ
5425,阡
5426,茛
5427,彀
5428,铼
5429,嗟
5430,筠
5431,馑
5432,旮
5433,悳
5434,茏
5435,汨
5436,侩
5437,帼
5438,窠
5439,笏
5440,敎
5441,魟
5442,襻
5443,冼
5444,蛟
5445,記
5446,靳
5447,丌
5448,袮
5449,忪
5450,∞
5451,骊
5452,祯
5453,罅
5454,鄞
5455,娈
5456,绛
5457,茭
5458,赳
5459,勰
5460,苁
5461,戕
5462,荸
5463,鲇
5464,宥
5465,跶
5466,嵋
5467,獐
5468,從
5469,牝
5470,疳
5471,遠
5472,
5473,ㄤ
5474,ノ
5475,ㄈ
5476,稦
5477,ǎ
5478,翴
5479,狥
5480,砆
5481,
5482,
5483,眞
5484,铩
5485,濑
5486,饴
5487,姹
5488,料
5489,弑
5490,蔺
5491,鼩
5492,盃
5493,闫
5494,陂
5495,貉
5496,旯
5497,燮
5498,峩
5499,溟
5500,鹚
5501,粑
5502,⑤
5503,凇
5504,泔
5505,蛴
5506,锝
5507,怄
5508,淼
5509,逶
5510,飑
5511,鲽
5512,σ
5513,夔
5514,幫
5515,決
5516,暸
5517,椋
5518,傧
5519,碜
5520,睚
5521,亞
5522,殚
5523,覺
5524,詈
5525,仨
5526,瞑
5527,フ
5528,ず
5529,紈
5530,猭
5531,痷
5532,礛
5533,
5534,镝
5535,胨
5536,蹇
5537,颦
5538,嘞
5539,吋
5540,孛
5541,認
5542,舫
5543,苒
5544,笤
5545,宸
5546,弼
5547,燊
5548,褡
5549,瑾
5550,楤
5551,蠡
5552,煳
5553,∕
5554,娣
5555,湜
5556,罟
5557,砻
5558,鲛
5559,艽
5560,號
5561,悌
5562,戌
5563,螬
5564,箨
5565,娆
5566,砣
5567,躅
5568,抻
5569,垅
5570,菘
5571,泠
5572,敕
5573,腧
5574,笈
5575,揖
5576,◆
5577,茚
5578,窸
5579,隹
5580,酢
5581,裝
5582,聽
5583,び
5584,郇
5585,
5586,ゲ
5587,
5588,タ
5589,
5590,┘
5591,
5592,鳏
5593,樨
5594,唰
5595,砟
5596,桤
5597,訴
5598,稃
5599,饬
5600,範
5601,數
5602,僮
5603,１
5604,過
5605,豢
5606,馐
5607,贽
5608,饽
5609,數
5610,锒
5611,­
5612,茕
5613,碣
5614,碚
5615,铢
5616,鸫
5617,埸
5618,绀
5619,氤
5620,氲
5621,嘚
5622,尓
5623,驷
5624,澹
5625,嶂
5626,見
5627,怵
5628,毀
5629,鳙
5630,腙
5631,踯
5632,砒
5633,硌
5634,猡
5635,桧
5636,抟
5637,峇
5638,浠
5639,钋
5640,绫
5641,羅
5642,ㄠ
5643,‰
5644,璸
5645,ó
5646,
5647,
5648,
5649,
5650,ゞ
5651,も
5652,
5653,
5654,é
5655,勸
5656,囟
5657,黒
5658,瑁
5659,丟
5660,狯
5661,泱
5662,鸻
5663,煜
5664,澧
5665,俬
5666,巽
5667,诓
5668,鲼
5669,蛞
5670,蝓
5671,綦
5672,夠
5673,烨
5674,蚶
5675,０
5676,餍
5677,癎
5678,這
5679,邕
5680,鎏
5681,铳
5682,瓴
5683,屌
5684,辇
5685,兩
5686,磡
5687,勐
5688,］
5689,琏
5690,圮
5691,睥
5692,芴
5693,參
5694,黢
5695,碛
5696,侑
5697,獴
5698,Φ
5699,蛄
5700,虬
5701,計
5702,蓁
5703,娌
5704,锕
5705,醴
5706,湫
5707,臾
5708,峒
5709,佘
5710,逡
5711,玡
5712,長
5713,忾
5714,蛐
5715,嗉
5716,赉
5717,辚
5718,﹝
5719,狺
5720,痈
5721,ゑ
5722,
5723,㏑
5724,ō
5725,ゎ
5726,
5727,碭
5728,ゼ
5729,セ
5730,
5731,絋
5732,參
5733,賓
5734,關
5735,喺
5736,戽
5737,莼
5738,蚩
5739,纣
5740,國
5741,垸
5742,咗
5743,鄄
5744,ε
5745,蛱
5746,秣
5747,¸
5748,盱
5749,歡
5750,遒
5751,牯
5752,鸶
5753,臓
5754,亻
5755,踅
5756,硖
5757,奁
5758,闳
5759,λ
5760,倨
5761,逵
5762,剀
5763,耵
5764,聍
5765,谶
5766,兒
5767,卻
5768,跹
5769,豔
5770,稞
5771,艹
5772,赀
5773,郞
5774,觋
5775,辏
5776,攷
5777,鳔
5778,翕
5779,轲
5780,體
5781,２
5782,铙
5783,颉
5784,掼
5785,實
5786,纡
5787,咤
5788,鹄
5789,猞
5790,猁
5791,爿
5792,滹
5793,準
5794,踟
5795,鲠
5796,殇
5797,荜
5798,處
5799,無
5800,玟
5801,秭
5802,訇
5803,呯
5804,凫
5805,窣
5806,鸾
5807,黃
5808,菈
5809,钰
5810,須
5811,
5812,
5813,稰
5814,癘
5815,偈
5816,崧
5817,焯
5818,衞
5819,胂
5820,辔
5821,箬
5822,衲
5823,锍
5824,楮
5825,淞
5826,傈
5827,僳
5828,陉
5829,怼
5830,舂
5831,鲦
5832,甑
5833,撙
5834,褔
5835,牾
5836,∙
5837,丅
5838,毬
5839,柘
5840,懿
5841,溘
5842,帏
5843,玖
5844,馔
5845,醍
5846,赧
5847,@
5848,蹚
5849,㈡
5850,榧
5851,曷
5852,祆
5853,薷
5854,葚
5855,仟
5856,蠃
5857,挈
5858,睪
5859,驽
5860,蝼
5861,邝
5862,莒
5863,４
5864,昰
5865,坻
5866,锨
5867,崆
5868,槠
5869,聿
5870,姘
5871,樂
5872,鲳
5873,褊
5874,撸
5875,懽
5876,滿
5877,蛸
5878,丄
5879,檩
5880,涿
5881,骥
5882,脫
5883,幷
5884,屙
5885,鲂
5886,鸸
5887,鹋
5888,啫
5889,婵
5890,嫫
5891,嗲
5892,阒
5893,嘬
5894,镨
5895,剛
5896,渌
5897,蒌
5898,噌
5899,╱
5900,蛲
5901,芊
5902,剤
5903,弌
5904,殺
5905,圖
5906,
5907,︽
5908,Ч
5909,
5910,
5911,ね
5912,
5913,籔
5914,胊
5915,ㄘ
5916,ㄚ
5917,爾
5918,€
5919,肈
5920,垜
5921,黴
5922,謇
5923,蘩
5924,祐
5925,喑
5926,蝥
5927,岙
5928,闾
5929,嗰
5930,绻
5931,韪
5932,凖
5933,醐
5934,狨
5935,钤
5936,髹
5937,茔
5938,鲀
5939,鳢
5940,蠖
5941,翦
5942,場
5943,Ⅳ
5944,穌
5945,談
5946,杲
5947,榀
5948,豸
5949,蠲
5950,報
5951,褫
5952,嚒
5953,屄
5954,蝈
5955,５
5956,藁
5957,類
5958,祚
5959,倜
5960,電
5961,晗
5962,鄯
5963,対
5964,镛
5965,粿
5966,興
5967,眇
5968,葶
5969,発
5970,浔
5971,笫
5972,ω
5973,撺
5974,炀
5975,铗
5976,潲
5977,妯
5978,醅
5979,宓
5980,剘
5981,蹰
5982,蒯
5983,苫
5984,镞
5985,镲
5986,離
5987,戗
5988,濠
5989,搋
5990,佟
5991,喁
5992,χ
5993,汆
5994,沬
5995,囡
5996,陽
5997,さ
5998,
5999,ㄏ
6000,睲
6001,ъ
6002,┰
6003,
6004,Α
6005,╯
6006,
6007,は
6008,糴
6009,
6010,
6011,纉
6012,﹞
6013,ü
6014,
6015,葭
6016,阆
6017,铨
6018,論
6019,琊
6020,尕
6021,柽
6022,逹
6023,竽
6024,樾
6025,凼
6026,镎
6027,蠔
6028,琍
6029,錯
6030,嵇
6031,畛
6032,稜
6033,嬛
6034,堞
6035,吥
6036,沆
6037,郧
6038,珲
6039,許
6040,卝
6041,丨
6042,疒
6043,歆
6044,»
6045,髑
6046,與
6047,學
6048,√
6049,莶
6050,年
6051,袪
6052,袈
6053,伛
6054,蒎
6055,箧
6056,汴
6057,書
6058,義
6059,員
6060,龅
6061,阕
6062,邡
6063,堀
6064,鲲
6065,鹪
6066,鹩
6067,窨
6068,昉
6069,膑
6070,皴
6071,傥
6072,聩
6073,涞
6074,嫒
6075,舾
6076,鳜
6077,悒
6078,蝻
6079,坭
6080,唿
6081,佞
6082,聯
6083,⑥
6084,膻
6085,瞋
6086,関
6087,＇
6088,狲
6089,璁
6090,裾
6091,桕
6092,柰
6093,菫
6094,椐
6095,啝
6096,僖
6097,柁
6098,吔
6099,褚
6100,衄
6101,菔
6102,吒
6103,鉨
6104,孓
6105,溏
6106,妁
6107,绔
6108,拋
6109,涠
6110,哂
6111,鳊
6112,瓒
6113,減
6114,猷
6115,轱
6116,薜
6117,喟
6118,識
6119,玆
6120,滟
6121,à
6122,欸
6123,橹
6124,
6125,
6126,罙
6127,ゴ
6128,
6129,
6130,
6131,橫
6132,狟
6133,
6134,硄
6135,ダ
6136,
6137,
6138,
6139,
6140,
6141,ユ
6142,┈
6143,て
6144,
6145,デ
6146,瞶
6147,ら
6148,
6149,繧
6150,
6151,
6152,の
6153,備
6154,
6155,訏
6156,復
6157,帙
6158,虛
6159,陟
6160,诎
6161,邬
6162,驸
6163,來
6164,臌
6165,箇
6166,潞
6167,姝
6168,路
6169,炷
6170,啵
6171,枥
6172,鲅
6173,娉
6174,＞
6175,缱
6176,浈
6177,了
6178,揆
6179,鹮
6180,眙
6181,圜
6182,瀣
6183,Ａ
6184,邳
6185,覃
6186,酽
6187,鲮
6188,埰
6189,檢
6190,砀
6191,潟
6192,槎
6193,糍
6194,箸
6195,顸
6196,豨
6197,啖
6198,蠼
6199,螋
6200,俦
6201,條
6202,訾
6203,業
6204,導
6205,㈢
6206,鐘
6207,僦
6208,衽
6209,琇
6210,灏
6211,錾
6212,疃
6213,嚯
6214,癿
6215,﹔
6216,猗
6217,嵬
6218,綫
6219,钸
6220,呑
6221,〜
6222,捭
6223,鳀
6224,φ
6225,歷
6226,丆
6227,伧
6228,伲
6229,柒
6230,喆
6231,氣
6232,噁
6233,苚
6234,焐
6235,疴
6236,颀
6237,壓
6238,苊
6239,猢
6240,鼋
6241,灞
6242,蓠
6243,枱
6244,谰
6245,黧
6246,環
6247,胤
6248,辦
6249,菰
6250,鹘
6251,列
6252,暝
6253,郢
6254,護
6255,刎
6256,巉
6257,穑
6258,朐
6259,糸
6260,玥
6261,氐
6262,懋
6263,塗
6264,珙
6265,衿
6266,昶
6267,蔟
6268,缧
6269,晞
6270,憷
6271,耧
6272,霁
6273,搦
6274,蛏
6275,橛
6276,閉
6277,冊
6278,芑
6279,
6280,鸩
6281,県
6282,馗
6283,奧
6284,呶
6285,捌
6286,熱
6287,苺
6288,
6289,簀
6290,
6291,筿
6292,パ
6293,
6294,盢
6295,ヴ
6296,
6297,秖
6298,礶
6299,
6300,眏
6301,
6302,┪
6303,玂
6304,
6305,
6306,
6307,誰
6308,願
6309,垌
6310,る
6311,傑
6312,玱
6313,á
6314,
6315,嗫
6316,
6317,碿
6318,鐨
6319,況
6320,蒹
6321,蓍
6322,溼
6323,饣
6324,镡
6325,耨
6326,悛
6327,魉
6328,糁
6329,觥
6330,度
6331,蚵
6332,艿
6333,樯
6334,鼢
6335,筦
6336,郫
6337,鳎
6338,钿
6339,畀
6340,鸷
6341,黩
6342,悭
6343,３
6344,秂
6345,Ⅴ
6346,扞
6347,更
6348,㈤
6349,旃
6350,輪
6351,骞
6352,荩
6353,鼱
6354,岜
6355,镏
6356,驗
6357,俰
6358,苕
6359,痾
6360,洌
6361,趵
6362,跣
6363,疔
6364,镙
6365,佶
6366,㈠
6367,滗
6368,餸
6369,炱
6370,阗
6371,煊
6372,耒
6373,笩
6374,煺
6375,留
6376,槓
6377,Ｘ
6378,柺
6379,滙
6380,邺
6381,＝
6382,铖
6383,師
6384,鲃
6385,醮
6386,枘
6387,燠
6388,摰
6389,逺
6390,竜
6391,圬
6392,粝
6393,
6394,畚
6395,廻
6396,缁
6397,⑴
6398,晔
6399,産
6400,仝
6401,疠
6402,嘤
6403,犤
6404,犦
6405,鲣
6406,淩
6407,埭
6408,阚
6409,問
6410,琨
6411,抺
6412,隨
6413,芏
6414,溧
6415,籴
6416,兂
6417,禫
6418,㈣
6419,洇
6420,绐
6421,榖
6422,宮
6423,搠
6424,鸮
6425,珉
6426,伹
6427,亍
6428,砵
6429,蠵
6430,鸱
6431,衝
6432,氵
6433,荦
6434,殁
6435,虢
6436,沤
6437,甪
6438,權
6439,哏
6440,碡
6441,異
6442,喥
6443,耄
6444,風
6445,悱
6446,獻
6447,杧
6448,金
6449,箐
6450,僟
6451,犍
6452,⊙
6453,伥
6454,鳉
6455,孖
6456,蜣
6457,邰
6458,蒻
6459,壞
6460,Γ
6461,萬
6462,锾
6463,檄
6464,玓
6465,罡
6466,嚟
6467,鏖
6468,逦
6469,砦
6470,淝
6471,橐
6472,怍
6473,選
6474,郦
6475,茇
6476,浼
6477,買
6478,藨
6479,扌
6480,椁
6481,梣
6482,語
6483,埝
6484,睒
6485,險
6486,濂
6487,惪
6488,轉
6489,滏
6490,芟
6491,噐
6492,媞
6493,蓑
6494,阋
6495,袗
6496,臫
6497,岘
6498,绡
6499,兲
6500,劬
6501,濛
6502,锪
6503,旄
6504,溫
6505,赓
6506,嵛
6507,俎
6508,
6509,試
6510,釴
6511,
6512,瑿
6513,
6514,
6515,硑
6516,獀
6517,
6518,╃
6519,ヘ
6520,ň
6521,┤
6522,こ
6523,
6524,ル
6525,ㄧ
6526,
6527,艶
6528,
6529,鎴
6530,
6531,猵
6532,╰
6533,欻
6534,嚅
6535,萋
6536,ま
6537,
6538,盡
6539,┆
6540,э
6541,━
6542,賣
6543,
6544,Σ
6545,藝
6546,魑
6547,庾
6548,淠
6549,跬
6550,邗
6551,冖
6552,玢
6553,晩
6554,Ψ
6555,搌
6556,殄
6557,梿
6558,溱
6559,伢
6560,立
6561,適
6562,＜
6563,砑
6564,領
6565,塄
6566,驣
6567,泫
6568,甯
6569,芗
6570,⑦
6571,佷
6572,鲹
6573,鲐
6574,舭
6575,庥
6576,澍
6577,製
6578,哓
6579,阊
6580,仞
6581,瑄
6582,負
6583,璟
6584,絔
6585,氾
6586,仳
6587,莰
6588,牴
6589,桫
6590,椤
6591,例
6592,菡
6593,簋
6594,藷
6595,觚
6596,終
6597,達
6598,瓠
6599,狎
6600,骟
6601,唳
6602,厗
6603,葎
6604,镘
6605,槃
6606,嵗
6607,嬑
6608,劃
6609,裏
6610,徬
6611,說
6612,㈥
6613,統
6614,颃
6615,晁
6616,钏
6617,钔
6618,曈
6619,狍
6620,豕
6621,題
6622,鏻
6623,筚
6624,歙
6625,量
6626,郅
6627,嗾
6628,蚺
6629,嚰
6630,聼
6631,舯
6632,瘰
6633,邊
6634,劢
6635,髙
6636,螚
6637,蛳
6638,箅
6639,＿
6640,兎
6641,婧
6642,ˉ
6643,Ｐ
6644,谮
6645,圪
6646,鬟
6647,螽
6648,尢
6649,亽
6650,專
6651,眍
6652,蕞
6653,韨
6654,蓐
6655,炝
6656,毘
6657,利
6658,鞯
6659,連
6660,恏
6661,係
6662,髀
6663,嗙
6664,蔸
6665,逋
6666,哕
6667,锎
6668,挹
6669,毖
6670,浐
6671,峤
6672,尅
6673,箪
6674,衖
6675,飯
6676,扃
6677,聯
6678,恚
6679,芾
6680,糌
6681,轹
6682,蹁
6683,​
6684,俉
6685,聲
6686,熘
6687,蟛
6688,薩
6689,辎
6690,錢
6691,脔
6692,鋈
6693,硗
6694,磬
6695,幛
6696,寤
6697,嫲
6698,§
6699,遈
6700,苤
6701,呔
6702,堿
6703,獎
6704,寫
6705,逖
6706,椇
6707,吢
6708,帑
6709,麇
6710,琮
6711,薤
6712,嗵
6713,恽
6714,啟
6715,舸
6716,蟮
6717,測
6718,饫
6719,歲
6720,値
6721,綼
6722,盞
6723,≠
6724,︹
6725,
6726,き
6727,籣
6728,禲
6729,
6730,癵
6731,к
6732,ぶ
6733,
6734,笲
6735,ē
6736,畉
6737,瑈
6738,
6739,
6740,畍
6741,纐
6742,┏
6743,繷
6744,ㄢ
6745,穝
6746,痙
6747,輕
6748,
6749,車
6750,砘
6751,舧
6752,
6753,
6754,ド
6755,η
6756,
6757,飛
6758,邈
6759,臸
6760,
6761,﹀
6762,ン
6763,蔴
6764,
6765,
6766,戲
6767,
6768,镴
6769,瘉
6770,糵
6771,狶
6772,戶
6773,迨
6774,＄
6775,勫
6776,鎯
6777,稲
6778,癳
6779,爐
6780,粅
6781,搛
6782,╆
6783,節
6784,約
6785,隊
6786,¤
6787,魈
6788,憶
6789,姒
6790,戝
6791,╂
6792,殽
6793,寘
6794,蕹
6795,υ
6796,
6797,蔹
6798,荬
6799,痳
6800,肫
6801,洵
6802,塍
6803,誃
6804,蓥
6805,臬
6806,鎚
6807,聃
6808,廔
6809,剎
6810,羙
6811,髎
6812,羣
6813,毳
6814,萁
6815,塲
6816,鼐
6817,輭
6818,頭
6819,枵
6820,秾
6821,腍
6822,崄
6823,鞥
6824,痲
6825,嫚
6826,増
6827,梠
6828,刋
6829,俣
6830,力
6831,舨
6832,錄
6833,邙
6834,齉
6835,謢
6836,繇
6837,橦
6838,橥
6839,屍
6840,女
6841,荇
6842,斷
6843,昝
6844,聱
6845,闱
6846,笕
6847,墻
6848,玎
6849,蕤
6850,鼷
6851,漶
6852,犛
6853,稹
6854,颡
6855,務
6856,媽
6857,棼
6858,郓
6859,７
6860,菹
6861,溲
6862,籲
6863,資
6864,纇
6865,鹇
6866,貔
6867,琬
6868,臨
6869,卐
6870,論
6871,脣
6872,踺
6873,雠
6874,暌
6875,紅
6876,廚
6877,葰
6878,¨
6879,圞
6880,顧
6881,撚
6882,爻
6883,廢
6884,圹
6885,８
6886,阇
6887,帯
6888,唼
6889,噫
6890,璺
6891,蕲
6892,芃
6893,铥
6894,討
6895,挐
6896,螵
6897,夼
6898,９
6899,乊
6900,溞
6901,泺
6902,Ｒ
6903,昀
6904,率
6905,纥
6906,卮
6907,鎳
6908,譜
6909,蓇
6910,葖
6911,夂
6912,圉
6913,洫
6914,镅
6915,欤
6916,濞
6917,峁
6918,刿
6919,荥
6920,趑
6921,囬
6922,殍
6923,氅
6924,夲
6925,蒥
6926,庠
6927,苘
6928,癯
6929,醑
6930,轳
6931,鰕
6932,缐
6933,廪
6934,蓋
6935,萩
6936,６
6937,趼
6938,劑
6939,耋
6940,肏
6941,衾
6942,緊
6943,Ｆ
6944,庅
6945,仡
6946,凃
6947,
6948,卍
6949,妣
6950,鸲
6951,扺
6952,赜
6953,狀
6954,廛
6955,切
6956,谯
6957,崁
6958,嗌
6959,蒟
6960,渼
6961,墉
6962,鮟
6963,鱇
6964,棄
6965,葳
6966,Ⅷ
6967,貘
6968,華
6969,坶
6970,擧
6971,鳇
6972,怛
6973,锱
6974,玍
6975,棰
6976,斲
6977,崮
6978,媪
6979,経
6980,済
6981,豿
6982,偱
6983,濬
6984,Ⅶ
6985,蕺
6986,厼
6987,識
6988,▪
6989,瘐
6990,砞
6991,纛
6992,蕻
6993,醫
6994,篼
6995,诤
6996,桴
6997,恴
6998,矬
6999,縻
7000,钅
7001,裢
7002,栝
7003,鲻
7004,衮
7005,槔
7006,劭
7007,
7008,筌
7009,玠
7010,锴
7011,桝
7012,锬
7013,歩
7014,璘
7015,喈
7016,杌
7017,跐
7018,茍
7019,渓
7020,項
7021,畑
7022,強
7023,茼
7024,诒
7025,胩
7026,阍
7027,锟
7028,璎
7029,鲧
7030,總
7031,貍
7032,筲
7033,門
7034,⑵
7035,馕
7036,蜮
7037,骹
7038,鄢
7039,瞓
7040,踫
7041,鲩
7042,簡
7043,膂
7044,墬
7045,炻
7046,弁
7047,陰
7048,黟
7049,∑
7050,據
7051,辷
7052,鹐
7053,細
7054,镔
7055,觇
7056,眬
7057,跩
7058,樓
7059,
7060,
7061,
7062,舄
7063,谥
7064,蔯
7065,綝
7066,簍
7067,
7068,
7069,穞
7070,甶
7071,
7072,矹
7073,ォ
7074,┋
7075,
7076,ほ
7077,┣
7078,矪
7079,穎
7080,︺
7081,ブ
7082,硉
7083,糷
7084,閃
7085,
7086,
7087,慶
7088,Ы
7089,篈
7090,
7091,
7092,禿
7093,璓
7094,
7095,
7096,
7097,擁
7098,溇
7099,
7100,竧
7101,珿
7102,ㄊ
7103,ひ
7104,瀹
7105,埌
7106,鑞
7107,痁
7108,氽
7109,
7110,绲
7111,獹
7112,
7113,槍
7114,﹊
7115,サ
7116,
7117,﹙
7118,
7119,竚
7120,篖
7121,琁
7122,に
7123,甁
7124,璚
7125,琂
7126,腚
7127,
7128,誏
7129,皘
7130,
7131,
7132,乩
7133,戀
7134,ヾ
7135,
7136,絬
7137,慣
7138,
7139,滾
7140,煩
7141,欎
7142,
7143,綘
7144,湪
7145,繖
7146,鐪
7147,費
7148,ā
7149,瘌
7150,
7151,竡
7152,幹
7153,眤
7154,噍
7155,羘
7156,皊
7157,
7158,↑
7159,牆
7160,
7161,
7162,責
7163,砃
7164,夢
7165,捯
7166,簆
7167,幾
7168,趕
7169,炆
7170,琩
7171,磙
7172,蝲
7173,腦
7174,隳
7175,綇
7176,愰
7177,苴
7178,汔
7179,岣
7180,稂
7181,钫
7182,℉
7183,鏉
7184,鍒
7185,
7186,褰
7187,ュ
7188,蠋
7189,籐
7190,岈
7191,憍
7192,讠
7193,欄
7194,珵
7195,魍
7196,嫘
7197,婦
7198,質
7199,簾
7200,鼙
7201,苝
7202,苌
7203,磴
7204,迺
7205,颢
7206,谡
7207,♥
7208,玦
7209,羑
7210,⑧
7211,⑨
7212,笳
7213,虓
7214,揾
7215,刂
7216,琰
7217,−
7218,囦
7219,惢
7220,袴
7221,谂
7222,Ｍ
7223,Ｃ
7224,棓
7225,窳
7226,垤
7227,趺
7228,郄
7229,溆
7230,輪
7231,崤
7232,眾
7233,郜
7234,歴
7235,窭
7236,繫
7237,嬭
7238,際
7239,戰
7240,索
7241,薆
7242,￥
7243,瑗
7244,鲏
7245,忓
7246,寧
7247,狻
7248,猊
7249,杩
7250,薱
7251,謊
7252,蘇
7253,龍
7254,Ⅹ
7255,雒
7256,埘
7257,療
7258,藋
7259,祧
7260,湯
7261,見
7262,林
7263,雖
7264,桷
7265,甕
7266,檯
7267,＋
7268,殳
7269,亊
7270,檵
7271,仫
7272,濹
7273,瘗
7274,蟊
7275,玕
7276,杛
7277,廠
7278,裡
7279,沔
7280,垡
7281,Ｕ
7282,貅
7283,樂
7284,酡
7285,缒
7286,邛
7287,崃
7288,儍
7289,窎
7290,埴
7291,⒆
7292,蘗
7293,髮
7294,垳
7295,頫
7296,屺
7297,鈇
7298,禔
7299,帀
7300,靈
7301,癚
7302,臁
7303,葇
7304,瞣
7305,単
7306,撃
7307,珅
7308,⑹
7309,啓
7310,敍
7311,遺
7312,連
7313,搆
7314,谝
7315,旰
7316,佥
7317,蘼
7318,炅
7319,狀
7320,苧
7321,講
7322,楽
7323,觏
7324,⑷
7325,鹟
7326,屦
7327,碦
7328,鲚
7329,鳆
7330,颟
7331,儋
7332,鋅
7333,銅
7334,尒
7335,偅
7336,匦
7337,爨
7338,氺
7339,粧
7340,鎓
7341,蝨
7342,鱆
7343,採
7344,牐
7345,慊
7346,剋
7347,緾
7348,袓
7349,懼
7350,尌
7351,⒁
7352,枓
7353,栱
7354,緣
7355,旅
7356,椼
7357,嫱
7358,斱
7359,搧
7360,逑
7361,蹓
7362,嘦
7363,廍
7364,亓
7365,倮
7366,捄
7367,楫
7368,褦
7369,楖
7370,冏
7371,苾
7372,擆
7373,钲
7374,扙
7375,鹀
7376,匚
7377,張
7378,瘔
7379,Ｌ
7380,堋
7381,缏
7382,菉
7383,捨
7384,預
7385,赆
7386,彘
7387,侢
7388,
7389,鉆
7390,淂
7391,恆
7392,祼
7393,漥
7394,念
7395,郈
7396,諥
7397,噹
7398,鮰
7399,伋
7400,豋
7401,辶
7402,皞
7403,洳
7404,旣
7405,洹
7406,餅
7407,襦
7408,蹵
7409,湧
7410,処
7411,袷
7412,堅
7413,竊
7414,薳
7415,稓
7416,傘
7417,柝
7418,翺
7419,簟
7420,苈
7421,琚
7422,镟
7423,硇
7424,兩
7425,灐
7426,碏
7427,吿
7428,谌
7429,绨
7430,線
7431,蛝
7432,扥
7433,脝
7434,氹
7435,瑷
7436,疋
7437,㈩
7438,寳
7439,牻
7440,谫
7441,註
7442,満
7443,抯
7444,罴
7445,歷
7446,剡
7447,簕
7448,犭
7449,萳
7450,藍
7451,藠
7452,調
7453,醢
7454,氷
7455,梃
7456,殛
7457,魃
7458,谠
7459,託
7460,沣
7461,儅
7462,棗
7463,鏡
7464,Ｓ
7465,垚
7466,茲
7467,鈎
7468,┐
7469,郾
7470,蜞
7471,礐
7472,Ｅ
7473,豊
7474,髫
7475,規
7476,朓
7477,溡
7478,糬
7479,｀
7480,儸
7481,蟥
7482,縮
7483,略
7484,凾
7485,炤
7486,鍪
7487,缍
7488,►
7489,榅
7490,掽
7491,彿
7492,拉
7493,乂
7494,郿
7495,趿
7496,廇
7497,絪
7498,缊
7499,喓
7500,練
7501,潋
7502,醡
7503,埜
7504,曵
7505,嘢
7506,渻
7507,轾
7508,怫
7509,菥
7510,旒
7511,降
7512,Ｂ
7513,儗
7514,痃
7515,圵
7516,捥
7517,塡
7518,菿
7519,偸
7520,杼
7521,緈
7522,巇
7523,筆
7524,羭
7525,玙
7526,垓
7527,騙
7528,閙
7529,燿
7530,屜
7531,擇
7532,蘧
7533,々
7534,靜
7535,兿
7536,茺
7537,牤
7538,毎
7539,舊
7540,忭
7541,蔘
7542,疐
7543,妫
7544,莩
7545,顼
7546,
7547,剝
7548,颥
7549,､
7550,篏
7551,扖
7552,創
7553,骝
7554,彆
7555,謝
7556,囉
7557,宄
7558,丗
7559,謦
7560,貓
7561,缃
7562,釋
7563,鐶
7564,Λ
7565,諾
7566,單
7567,苶
7568,仵
7569,丿
7570,酃
7571,挢
7572,庳
7573,淦
7574,儘
7575,赱
7576,曛
7577,蠱
7578,睢
7579,燹
7580,
7581,
7582,笹
7583,㎜
7584,浬
7585,稅
7586,
7587,瘊
7588,倢
7589,縡
7590,嶢
7591,絏
7592,
7593,ш
7594,
7595,Μ
7596,▲
7597,↖
7598,
7599,糒
7600,┷
7601,
7602,
7603,礢
7604,璽
7605,で
7606,
7607,
7608,硏
7609,
7610,琎
7611,┦
7612,
7613,ッ
7614,
7615,Κ
7616,
7617,熳
7618,遙
7619,鄉
7620,爍
7621,猶
7622,㏄
7623,Ν
7624,珺
7625,遜
7626,賠
7627,證
7628,妝
7629,徼
7630,腨
7631,ㄌ
7632,獶
7633,綞
7634,頓
7635,樹
7636,薅
7637,級
7638,彡
7639,忳
7640,惸
7641,耑
7642,‥
7643,エ
7644,
7645,傷
7646,蠛
7647,櫥
7648,攝
7649,続
7650,籈
7651,跡
7652,鐵
7653,腇
7654,
7655,∈
7656,羀
7657,潛
7658,戜
7659,睜
7660,鸹
7661,縢
7662,辵
7663,
7664,呖
7665,砏
7666,砯
7667,┎
7668,齑
7669,議
7670,職
7671,戯
7672,澌
7673,掱
7674,尻
7675,徹
7676,す
7677,く
7678,り
7679,ん
7680,蹐
7681,闶
7682,艄
7683,勳
7684,缡
7685,С
7686,勖
7687,∧
7688,
7689,
7690,れ
7691,禜
7692,紀
7693,╟
7694,
7695,嗐
7696,
7697,
7698,
7699,
7700,
7701,
7702,
7703,紇
7704,羨
7705,粂
7706,沲
7707,視
7708,
7709,芄
7710,苐
7711,犳
7712,槸
7713,歎
7714,劧
7715,鏈
7716,
7717,湅
7718,潵
7719,鍋
7720,殑
7721,コ
7722,
7723,續
7724,ψ
7725,
7726,爛
7727,繦
7728,瓁
7729,ボ
7730,瞽
7731,癡
7732,絤
7733,爭
7734,
7735,敗
7736,勝
7737,揎
7738,腽
7739,肭
7740,
7741,耞
7742,僅
7743,舦
7744,戋
7745,
7746,ざ
7747,
7748,∷
7749,
7750,м
7751,
7752,
7753,鳡
7754,
7755,萊
7756,鍜
7757,屽
7758,
7759,鐜
7760,
7761,ㄥ
7762,ェ
7763,詴
7764,
7765,擊
7766,伈
7767,緄
7768,琿
7769,檎
7770,═
7771,
7772,踬
7773,喚
7774,犏
7775,壸
7776,漈
7777,
7778,緍
7779,
7780,跽
7781,笿
7782,瘜
7783,↓
7784,難
7785,棹
7786,堙
7787,滢
7788,涼
7789,卣
7790,媄
7791,庑
7792,呫
7793,髒
7794,團
7795,臜
7796,閱
7797,貴
7798,仺
7799,ㄎ
7800,垟
7801,麈
7802,蹀
7803,帔
7804,鲥
7805,
7806,狷
7807,堍
7808,鵟
7809,偲
7810,喎
7811,擠
7812,薁
7813,笥
7814,賽
7815,聞
7816,養
7817,蚍
7818,鲾
7819,痦
7820,岀
7821,秙
7822,绾
7823,舉
7824,纒
7825,幪
7826,逄
7827,樻
7828,笮
7829,咴
7830,│
7831,洖
7832,鏂
7833,鑷
7834,屾
7835,椂
7836,彲
7837,
7838,撴
7839,鍑
7840,幓
7841,閭
7842,ｅ
7843,嶄
7844,鐗
7845,悗
7846,鎻
7847,鎵
7848,棶
7849,迖
7850,嵖
7851,徂
7852,鹗
7853,衊
7854,殺
7855,咲
7856,恠
7857,鲞
7858,拶
7859,鎝
7860,鬅
7861,窬
7862,襾
7863,抔
7864,赕
7865,鋤
7866,繡
7867,峜
7868,傆
7869,淉
7870,僐
7871,儝
7872,垵
7873,簏
7874,掤
7875,孭
7876,＊
7877,臨
7878,炁
7879,脩
7880,蹏
7881,摭
7882,辂
7883,叚
7884,｜
7885,浞
7886,偺
7887,餧
7888,濾
7889,錄
7890,蘋
7891,鬦
7892,徧
7893,謴
7894,嫝
7895,団
7896,獍
7897,六
7898,莛
7899,広
7900,豳
7901,勼
7902,搟
7903,煉
7904,驟
7905,累
7906,籓
7907,撝
7908,夀
7909,篛
7910,讚
7911,屲
7912,炡
7913,椨
7914,亾
7915,篢
7916,莙
7917,鸰
7918,滉
7919,翥
7920,㈦
7921,刳
7922,観
7923,厠
7924,樗
7925,紬
7926,露
7927,綠
7928,錶
7929,譯
7930,頒
7931,佈
7932,匯
7933,獸
7934,頂
7935,屇
7936,棅
7937,痬
7938,㈧
7939,⒔
7940,琹
7941,砙
7942,帱
7943,黥
7944,坌
7945,檔
7946,虼
7947,ñ
7948,祙
7949,樓
7950,遶
7951,鹛
7952,鲉
7953,弶
7954,誘
7955,揞
7956,媖
7957,霈
7958,徥
7959,Ƅ
7960,誂
7961,棈
7962,纎
7963,㎏
7964,舣
7965,«
7966,⒚
7967,農
7968,ｖ
7969,鹎
7970,裉
7971,¡
7972,锘
7973,睃
7974,鳯
7975,厶
7976,罣
7977,鞴
7978,蜾
7979,餘
7980,芰
7981,蓰
7982,枰
7983,寬
7984,韾
7985,珽
7986,寛
7987,悃
7988,⒛
7989,蔔
7990,箜
7991,埳
7992,櫵
7993,麗
7994,栒
7995,揠
7996,郛
7997,懃
7998,櫈
7999,詞
8000,妎
8001,柃
8002,蝃
8003,蝀
8004,焢
8005,鱀
8006,赗
8007,赙
8008,橞
8009,朲
8010,流
8011,鲿
8012,訂
8013,実
8014,愍
8015,鹁
8016,腠
8017,懷
8018,穏
8019,尪
8020,軍
8021,艦
8022,區
8023,悅
8024,陬
8025,⑶
8026,Ｎ
8027,哢
8028,鷟
8029,牎
8030,邠
8031,啞
8032,
8033,鈡
8034,粵
8035,盍
8036,倫
8037,氎
8038,仸
8039,歒
8040,縂
8041,澫
8042,芣
8043,婹
8044,钘
8045,涊
8046,猓
8047,鲗
8048,埤
8049,祕
8050,凙
8051,臵
8052,撖
8053,櫽
8054,昐
8055,凅
8056,冮
8057,嚥
8058,坲
8059,Ｉ
8060,莈
8061,鮀
8062,朮
8063,儛
8064,帨
8065,尨
8066,氕
8067,迻
8068,釬
8069,滳
8070,顂
8071,酲
8072,犠
8073,俧
8074,臟
8075,崦
8076,鋼
8077,朙
8078,辥
8079,魽
8080,咃
8081,ô
8082,詪
8083,絜
8084,脎
8085,藥
8086,倆
8087,効
8088,祤
8089,若
8090,洺
8091,彵
8092,
8093,鲊
8094,誩
8095,蛘
8096,荾
8097,鈛
8098,煑
8099,奍
8100,賿
8101,佪
8102,浉
8103,暾
8104,餾
8105,茌
8106,懭
8107,勅
8108,墊
8109,麵
8110,齰
8111,練
8112,臯
8113,剅
8114,術
8115,緑
8116,斫
8117,様
8118,芠
8119,锫
8120,邨
8121,苆
8122,灬
8123,鳋
8124,徦
8125,臥
8126,褀
8127,堠
8128,囄
8129,峕
8130,麿
8131,癍
8132,寔
8133,釆
8134,癀
8135,枧
8136,恂
8137,饧
8138,囯
8139,刺
8140,胗
8141,翮
8142,貭
8143,葙
8144,睟
8145,梮
8146,锷
8147,証
8148,陔
8149,螭
8150,換
8151,蓡
8152,絞
8153,蕰
8154,燉
8155,｛
8156,宧
8157,顝
8158,弪
8159,篜
8160,倻
8161,嘍
8162,撧
8163,琯
8164,⒖
8165,甦
8166,揀
8167,骧
8168,禆
8169,垧
8170,礎
8171,萏
8172,隰
8173,刓
8174,枛
8175,幠
8176,枴
8177,遌
8178,岕
8179,ǔ
8180,濉
8181,⋯
8182,慆
8183,肒
8184,鱫
8185,葽
8186,鍵
8187,倰
8188,垴
8189,諾
8190,類
8191,嵫
8192,丵
8193,斨
8194,ð
8195,⑸
8196,Ｈ
8197,痠
8198,坼
8199,蒗
8200,昫
8201,彊
8202,絡
8203,徔
8204,偁
8205,畤
8206,焠
8207,鹼
8208,銀
8209,僕
8210,拓
8211,飯
8212,
8213,檑
8214,▽
8215,澗
8216,黻
8217,榱
8218,僾
8219,昿
8220,榶
8221,菧
8222,⒀
8223,餗
8224,俿
8225,曬
8226,＃
8227,都
8228,蠎
8229,嶋
8230,颴
8231,喲
8232,雩
8233,滬
8234,抷
8235,顗
8236,镢
8237,佮
8238,怹
8239,觫
8240,Ｔ
8241,笰
8242,埼
8243,鼗
8244,顆
8245,併
8246,鰳
8247,什
8248,馭
8249,瘃
8250,楜
8251,籠
8252,霧
8253,便
8254,弄
8255,浫
8256,療
8257,鼟
8258,喴
8259,Ｄ
8260,ζ
8261,尐
8262,
8263,鮨
8264,Ｏ
8265,礻
8266,鞌
8267,湑
8268,宊
8269,老
8270,舁
8271,龍
8272,怑
8273,镥
8274,莂
8275,軟
8276,毪
8277,恗
8278,易
8279,薊
8280,禳
8281,複
8282,北
8283,詋
8284,ˌ
8285,髣
8286,淵
8287,驚
8288,繙
8289,儙
8290,懮
8291,鍊
8292,匼
8293,訚
8294,勲
8295,禍
8296,跸
8297,溝
8298,缶
8299,峟
8300,氄
8301,湲
8302,曽
8303,呺
8304,ｓ
8305,ｌ
8306,荍
8307,棸
8308,紾
8309,颱
8310,燐
8311,瓘
8312,攺
8313,頁
8314,彈
8315,勦
8316,娭
8317,ⅰ
8318,蓂
8319,
8320,崀
8321,憑
8322,胲
8323,瞍
8324,铇
8325,亇
8326,褲
8327,渖
8328,綯
8329,弇
8330,Ｖ
8331,觌
8332,盁
8333,綮
8334,祔
8335,佭
8336,鉻
8337,桲
8338,椚
8339,鸊
8340,鷉
8341,運
8342,階
8343,冭
8344,隻
8345,榼
8346,濶
8347,
8348,沈
8349,讵
8350,牖
8351,鵐
8352,鋆
8353,鮭
8354,愦
8355,冨
8356,戥
8357,獨
8358,廸
8359,坜
8360,肜
8361,盪
8362,钶
8363,媭
8364,橶
8365,恖
8366,脇
8367,椪
8368,袼
8369,蛩
8370,氶
8371,鬶
8372,萚
8373,冱
8374,俶
8375,笱
8376,胙
8377,槯
8378,┟
8379,谖
8380,砉
8381,啍
8382,绱
8383,脬
8384,杻
8385,設
8386,翚
8387,鬲
8388,茘
8389,掅
8390,徴
8391,猀
8392,畬
8393,缣
8394,良
8395,筇
8396,慇
8397,▼
8398,畠
8399,眀
8400,滅
8401,荭
8402,劼
8403,緘
8404,泷
8405,瓊
8406,
8407,編
8408,輯
8409,孥
8410,嘏
8411,栊
8412,饹
8413,裑
8414,拊
8415,媤
8416,鬢
8417,車
8418,瘖
8419,幇
8420,靯
8421,ｎ
8422,朢
8423,埗
8424,脕
8425,憕
8426,堈
8427,筅
8428,椌
8429,Ⅵ
8430,俍
8431,鬻
8432,™
8433,挻
8434,
8435,∩
8436,犾
8437,陧
8438,≈
8439,
8440,
8441,
8442,诼
8443,
8444,塨
8445,
8446,
8447,骱
8448,桊
8449,
8450,鶪
8451,赒
8452,穰
8453,侔
8454,喾
8455,襒
8456,┌
8457,ザ
8458,╣
8459,伃
8460,
8461,
8462,
8463,穙
8464,遄
8465,魒
8466,︱
8467,槅
8468,眄
8469,禥
8470,в
8471,竨
8472,峠
8473,鉧
8474,ヰ
8475,璊
8476,甝
8477,ю
8478,﹍
8479,翏
8480,
8481,胪
8482,篊
8483,╧
8484,
8485,碈
8486,図
8487,絫
8488,
8489,
8490,л
8491,羪
8492,栻
8493,
8494,忈
8495,
8496,
8497,
8498,
8499,萣
8500,ぷ
8501,畱
8502,雙
8503,輝
8504,彌
8505,燈
8506,
8507,鑒
8508,侶
8509,侕
8510,ホ
8511,誕
8512,魯
8513,購
8514,謆
8515,鎮
8516,儀
8517,樘
8518,█
8519,嵚
8520,渃
8521,
8522,稢
8523,г
8524,琽
8525,甿
8526,Ι
8527,標
8528,甀
8529,
8530,楓
8531,畎
8532,莿
8533,柊
8534,淚
8535,麹
8536,鑽
8537,哱
8538,菴
8539,菢
8540,苼
8541,徝
8542,惡
8543,篹
8544,珼
8545,┠
8546,芁
8547,疎
8548,禘
8549,遝
8550,俜
8551,硎
8552,忝
8553,兌
8554,ы
8555,縩
8556,ò
8557,碝
8558,紉
8559,
8560,針
8561,畓
8562,瑆
8563,艙
8564,眎
8565,
8566,竑
8567,諒
8568,態
8569,氬
8570,窰
8571,骻
8572,鬛
8573,℅
8574,
8575,瑂
8576,瞴
8577,
8578,磝
8579,倶
8580,畫
8581,絚
8582,虮
8583,
8584,茑
8585,屣
8586,盧
8587,
8588,渉
8589,
8590,
8591,
8592,説
8593,癶
8594,哅
8595,價
8596,響
8597,靺
8598,鞨
8599,胕
8600,
8601,
8602,炘
8603,磔
8604,腎
8605,阝
8606,歃
8607,妏
8608,
8609,蕖
8610,庹
8611,﹡
8612,耠
8613,姶
8614,┹
8615,﹜
8616,が
8617,し
8618,あ
8619,せ
8620,瘳
8621,闼
8622,汭
8623,驺
8624,ガ
8625,稺
8626,
8627,缽
8628,∏
8629,硈
8630,竕
8631,琜
8632,║
8633,
8634,
8635,卲
8636,觜
8637,
8638,齁
8639,懸
8640,
8641,ヒ
8642,珰
8643,
8644,亼
8645,岢
8646,宬
8647,谇
8648,ー
8649,圍
8650,葸
8651,爇
8652,搢
8653,褟
8654,鼽
8655,廂
8656,砋
8657,囙
8658,
8659,
8660,綤
8661,
8662,
8663,㎎
8664,
8665,锞
8666,粢
8667,
8668,┬
8669,瑐
8670,Д
8671,嚜
8672,猋
8673,瑮
8674,
8675,蚰
8676,嚴
8677,礙
8678,穖
8679,╀
8680,碽
8681,羝
8682,
8683,酦
8684,玭
8685,喯
8686,祑
8687,厲
8688,墜
8689,觸
8690,禦
8691,﹟
8692,绁
8693,
8694,
8695,愬
8696,姩
8697,壒
8698,珔
8699,薨
8700,閲
8701,鞁
8702,铏
8703,夋
8704,潃
8705,絾
8706,犱
8707,篃
8708,佺
8709,竴
8710,鐐
8711,嵆
8712,堥
8713,兘
8714,殻
8715,嶆
8716,渶
8717,鎿
8718,呴
8719,暱
8720,悧
8721,嬬
8722,┛
8723,斿
8724,熀
8725,庡
8726,
8727,羇
8728,燒
8729,霩
8730,鳰
8731,掊
8732,惱
8733,溻
8734,苖
8735,畄
8736,
8737,擋
8738,燦
8739,∟
8740,勢
8741,殭
8742,縒
8743,
8744,則
8745,碙
8746,狝
8747,瓰
8748,琋
8749,ミ
8750,┿
8751,ケ
8752,拏
8753,
8754,枨
8755,‐
8756,嗱
8757,兙
8758,
8759,
8760,極
8761,獣
8762,猟
8763,
8764,窾
8765,幐
8766,俫
8767,〖
8768,璉
8769,糶
8770,籌
8771,韮
8772,胓
8773,廣
8774,胔
8775,バ
8776,澆
8777,娛
8778,
8779,
8780,┍
8781,瑀
8782,ゅ
8783,
8784,疨
8785,妗
8786,沩
8787,洎
8788,洏
8789,萿
8790,砫
8791,
8792,碹
8793,甧
8794,煆
8795,甤
8796,碩
8797,釡
8798,湊
8799,
8800,詏
8801,敵
8802,眫
8803,枋
8804,蟳
8805,纗
8806,┢
8807,擔
8808,錘
8809,迓
8810,╬
8811,祍
8812,闊
8813,暢
8814,麗
8815,
8816,
8817,惗
8818,馓
8819,簦
8820,⑽
8821,
8822,
8823,湓
8824,诜
8825,昃
8826,耔
8827,叾
8828,栧
8829,樺
8830,戣
8831,鍏
8832,浗
8833,
8834,
8835,М
8836,
8837,誔
8838,陸
8839,賭
8840,鬚
8841,
8842,
8843,╈
8844,┻
8845,璹
8846,俔
8847,侘
8848,傺
8849,芉
8850,
8851,
8852,儲
8853,瞦
8854,
8855,徭
8856,Г
8857,
8858,
8859,チ
8860,籹
8861,歳
8862,腳
8863,ī
8864,潆
8865,萛
8866,牽
8867,嘡
8868,楀
8869,
8870,瓙
8871,凴
8872,琒
8873,゜
8874,綸
8875,锔
8876,綛
8877,繻
8878,鱷
8879,瑑
8880,赟
8881,驩
8882,ν
8883,盋
8884,組
8885,鼯
8886,覂
8887,冹
8888,缵
8889,尥
8890,躜
8891,洑
8892,埒
8893,礅
8894,習
8895,祎
8896,潽
8897,瞯
8898,ど
8899,膒
8900,竤
8901,籥
8902,
8903,郏
8904,睺
8905,
8906,
8907,廋
8908,曚
8909,邽
8910,噓
8911,榘
8912,筍
8913,
8914,脷
8915,钷
8916,癟
8917,釒
8918,麥
8919,〨
8920,縐
8921,縉
8922,
8923,а
8924,癒
8925,簎
8926,耜
8927,缷
8928,襲
8929,攉
8930,〃
8931,膄
8932,愢
8933,鹾
8934,輸
8935,賤
8936,贏
8937,睼
8938,瞔
8939,罺
8940,砬
8941,膙
8942,潔
8943,
8944,裋
8945,蝤
8946,蛑
8947,咶
8948,篋
8949,挓
8950,軚
8951,矇
8952,熺
8953,堟
8954,
8955,犺
8956,繕
8957,惂
8958,層
8959,慾
8960,╝
8961,拤
8962,圸
8963,笄
8964,賺
8965,窽
8966,刭
8967,￡
8968,锧
8969,簑
8970,猤
8971,
8972,
8973,
8974,維
8975,詢
8976,賦
8977,奪
8978,菽
8979,÷
8980,獽
8981,笻
8982,穀
8983,薾
8984,硊
8985,
8986,脞
8987,鬯
8988,
8989,
8990,慖
8991,憐
8992,慝
8993,疬
8994,叏
8995,郗
8996,х
8997,錬
8998,廨
8999,獄
9000,傾
9001,б
9002,厣
9003,黾
9004,讀
9005,蘭
9006,檊
9007,韑
9008,
9009,竛
9010,
9011,へ
9012,稪
9013,掵
9014,呒
9015,∮
9016,遘
9017,枮
9018,
9019,桻
9020,踦
9021,磳
9022,偂
9023,嗞
9024,è
9025,昮
9026,╄
9027,
9028,锊
9029,佲
9030,暠
9031,讟
9032,籇
9033,簅
9034,攮
9035,Ф
9036,飗
9037,簮
9038,冋
9039,
9040,
9041,
9042,耤
9043,螣
9044,ξ
9045,桖
9046,両
9047,甅
9048,巻
9049,譴
9050,铹
9051,怸
9052,墮
9053,嵝
9054,曌
9055,龑
9056,脢
9057,冾
9058,稭
9059,
9060,吽
9061,
9062,
9063,昄
9064,裒
9065,島
9066,灘
9067,軠
9068,仂
9069,烚
9070,耖
9071,⒗
9072,‵
9073,獚
9074,⑩
9075,箘
9076,洧
9077,遊
9078,篁
9079,畈
9080,滘
9081,詭
9082,漸
9083,嚸
9084,鄚
9085,茈
9086,
9087,≯
9088,窱
9089,Ξ
9090,╲
9091,垆
9092,鎅
9093,疪
9094,甗
9095,ㄣ
9096,咜
9097,盜
9098,闖
9099,峄
9100,勁
9101,沖
9102,
9103,笊
9104,
9105,蟪
9106,痺
9107,嫶
9108,塵
9109,抇
9110,隈
9111,纟
9112,缳
9113,醶
9114,蟵
9115,撘
9116,呂
9117,摽
9118,垨
9119,粞
9120,ャ
9121,ǒ
9122,垿
9123,浄
9124,咰
9125,渦
9126,冿
9127,旻
9128,氈
9129,ㄕ
9130,ㄍ
9131,
9132,匉
9133,勞
9134,頑
9135,迣
9136,懇
9137,蔌
9138,辿
9139,鳚
9140,痀
9141,蹱
9142,訣
9143,呡
9144,篥
9145,卺
9146,裚
9147,訊
9148,錵
9149,睋
9150,寶
9151,貝
9152,擩
9153,屆
9154,渑
9155,骒
9156,獃
9157,円
9158,舳
9159,舻
9160,镚
9161,澤
9162,彳
9163,帲
9164,槊
9165,
9166,倥
9167,偬
9168,堃
9169,睱
9170,訝
9171,壯
9172,嵯
9173,鮠
9174,桯
9175,栳
9176,鹱
9177,
9178,
9179,
9180,
9181,耪
9182,煥
9183,嫨
9184,迊
9185,陣
9186,營
9187,瓞
9188,铓
9189,え
9190,钭
9191,躞
9192,遷
9193,璄
9194,榇
9195,仩
9196,驅
9197,嬲
9198,衆
9199,烕
9200,嬅
9201,嚐
9202,裰
9203,耥
9204,栌
9205,碓
9206,鳁
9207,劦
9208,慮
9209,麴
9210,妀
9211,揥
9212,鰤
9213,鉄
9214,鵝
9215,醬
9216,
9217,
9218,爰
9219,攜
9220,烜
9221,籀
9222,瘕
9223,樫
9224,競
9225,ロ
9226,峧
9227,訙
9228,垻
9229,娀
9230,偾
9231,隂
9232,傳
9233,亁
9234,埙
9235,笸
9236,搒
9237,廒
9238,権
9239,幵
9240,猌
9241,￠
9242,柵
9243,焟
9244,茿
9245,羼
9246,洸
9247,钺
9248,颛
9249,诹
9250,蔵
9251,篗
9252,綪
9253,
9254,
9255,
9256,攞
9257,穂
9258,舴
9259,煋
9260,瑫
9261,晊
9262,颷
9263,
9264,
9265,
9266,
9267,乇
9268,瀞
9269,唲
9270,畧
9271,啱
9272,噺
9273,缂
9274,埽
9275,墀
9276,ц
9277,凱
9278,
9279,
9280,欒
9281,
9282,鏄
9283,姪
9284,鐞
9285,咮
9286,黪
9287,畹
9288,ョ
9289,偣
9290,矞
9291,滆
9292,欐
9293,嫞
9294,惁
9295,笉
9296,鐢
9297,ヤ
9298,ё
9299,瑧
9300,劊
9301,粬
9302,瘡
9303,
9304,閮
9305,鍗
9306,撲
9307,鍐
9308,畾
9309,鍘
9310,梾
9311,熷
9312,
9313,湴
9314,児
9315,楗
9316,憖
9317,吘
9318,撶
9319,鍙
9320,
9321,嶈
9322,繃
9323,佸
9324,婃
9325,悎
9326,啠
9327,
9328,悜
9329,閬
9330,瓑
9331,
9332,鑲
9333,夌
9334,浘
9335,闈
9336,崞
9337,鍩
9338,粠
9339,彉
9340,鎬
9341,笂
9342,佹
9343,鑰
9344,厜
9345,鍚
9346,ソ
9347,壘
9348,墍
9349,鍦
9350,庝
9351,箞
9352,鍔
9353,灒
9354,悶
9355,氳
9356,簨
9357,緱
9358,啋
9359,戠
9360,粰
9361,
9362,ぜ
9363,
9364,摢
9365,唣
9366,ㄐ
9367,嬪
9368,呭
9369,喌
9370,ヨ
9371,鐩
9372,笅
9373,揢
9374,贊
0,UNK
1,PAD
