BOS,2
EOS,3
的,4
。,5
.,6
，,7
一,8
是,9
我,10
",",11
了,12
在,13
有,14
不,15
他,16
们,17
这,18
人,19
个,20
你,21
和,22
中,23
要,24
为,25
用,26
对,27
会,28
能,29
上,30
来,31
以,32
到,33
可,34
大,35
生,36
国,37
时,38
行,39
地,40
出,41
发,42
方,43
作,44
法,45
分,46
于,47
性,48
过,49
成,50
学,51
得,52
就,53
理,54
多,55
子,56
那,57
、,58
现,59
动,60
进,61
种,62
经,63
下,64
工,65
好,66
定,67
些,68
自,69
本,70
家,71
后,72
应,73
机,74
么,75
力,76
所,77
而,78
很,79
与,80
她,81
也,82
实,83
面,84
说,85
化,86
都,87
制,88
事,89
里,90
开,91
重,92
体,93
最,94
其,95
关,96
合,97
着,98
同,99
如,100
提,101
去,102
之,103
系,104
业,105
高,106
度,107
文,108
将,109
因,110
物,111
？,112
果,113
?,114
间,115
没,116
电,117
想,118
结,119
新,120
计,121
及,122
数,123
小,124
使,125
部,126
天,127
并,128
意,129
前,130
主,131
点,132
看,133
公,134
产,135
但,136
起,137
道,138
当,139
还,140
心,141
者,142
样,143
程,144
加,145
年,146
问,147
量,148
通,149
表,150
特,151
它,152
相,153
目,154
然,155
从,156
把,157
明,158
统,159
常,160
件,161
题,162
全,163
正,164
信,165
研,166
或,167
被,168
设,169
水,170
利,171
究,172
基,173
论,174
外,175
什,176
无,177
变,178
情,179
已,180
内,181
该,182
给,183
式,184
更,185
美,186
比,187
知,188
保,189
管,190
长,191
展,192
位,193
做,194
此,195
只,196
品,197
建,198
员,199
术,200
期,201
解,202
场,203
吗,204
手,205
入,206
型,207
感,208
活,209
资,210
向,211
需,212
教,213
接,214
车,215
务,216
受,217
斯,218
器,219
政,220
代,221
气,222
由,223
次,224
非,225
效,226
两,227
处,228
具,229
影,230
认,231
市,232
模,233
运,234
任,235
别,236
安,237
让,238
质,239
何,240
流,241
真,242
组,243
司,244
据,245
己,246
形,247
等,248
区,249
话,250
平,251
回,252
金,253
色,254
构,255
原,256
技,257
西,258
测,259
标,260
类,261
确,262
第,263
决,264
必,265
析,266
0,267
算,268
:,269
求,270
s,271
价,272
克,273
日,274
供,275
持,276
指,277
立,278
直,279
名,280
许,281
验,282
交,283
服,284
打,285
1,286
格,287
试,288
单,289
头,290
光,291
语,292
球,293
民,294
选,295
响,296
带,297
总,298
尔,299
线,300
取,301
三,302
儿,303
身,304
每,305
证,306
放,307
义,308
传,309
女,310
改,311
调,312
先,313
见,314
路,315
请,316
完,317
图,318
导,319
少,320
像,321
界,322
病,323
料,324
口,325
造,326
强,327
世,328
告,329
条,330
存,331
快,332
示,333
议,334
治,335
各,336
反,337
空,338
息,339
收,340
备,341
几,342
控,343
网,344
装,345
项,346
复,347
观,348
太,349
包,350
a,351
再,352
准,353
；,354
望,355
海,356
老,357
济,358
候,359
达,360
爱,361
规,362
显,363
风,364
报,365
值,366
转,367
科,368
商,369
象,370
布,371
视,372
二,373
联,374
采,375
难,376
孩,377
助,378
您,379
走,380
态,381
：,382
离,383
整,384
素,385
门,386
步,387
源,388
始,389
失,390
社,391
权,392
拉,393
节,394
参,395
增,396
十,397
环,398
英,399
支,400
东,401
率,402
战,403
且,404
讨,405
马,406
“,407
今,408
功,409
记,410
热,411
觉,412
2,413
较,414
欢,415
际,416
识,417
易,418
消,419
书,420
切,421
声,422
”,423
注,424
引,425
须,426
容,427
细,428
德,429
速,430
置,431
查,432
近,433
压,434
神,435
况,436
乐,437
精,438
听,439
才,440
状,441
！,442
干,443
白,444
!,445
断,446
字,447
维,448
预,449
低,450
考,451
言,452
思,453
约,454
费,455
又,456
找,457
根,458
队,459
片,460
则,461
极,462
述,463
适,464
客,465
集,466
护,467
房,468
-,469
花,470
喜,471
例,472
越,473
清,474
怎,475
育,476
周,477
境,478
优,479
探,480
边,481
领,482
住,483
亚,484
师,485
命,486
够,487
吧,488
星,489
),490
疗,491
案,492
(,493
随,494
希,495
划,496
层,497
除,498
油,499
至,500
施,501
介,502
共,503
户,504
续,505
投,506
致,507
月,508
争,509
习,510
音,511
创,512
险,513
企,514
广,515
专,516
死,517
配,518
检,519
士,520
列,521
l,522
未,523
远,524
域,525
帮,526
满,527
元,528
密,529
足,530
评,531
医,532
深,533
府,534
友,535
游,536
火,537
城,538
否,539
便,540
序,541
获,542
策,543
织,544
土,545
食,546
段,547
亲,548
照,549
级,550
呢,551
赛,552
击,553
c,554
演,555
限,556
四,557
防,558
简,559
血,560
错,561
诉,562
吃,563
历,564
伤,565
巴,566
校,567
办,568
推,569
号,570
石,571
往,572
尽,573
军,574
山,575
跟,576
微,577
轻,578
艺,579
止,580
激,581
钱,582
律,583
连,584
',585
波,586
5,587
早,588
院,589
张,590
台,591
板,592
写,593
药,594
晚,595
眼,596
罗,597
减,598
害,599
卡,600
责,601
3,602
差,603
角,604
称,605
择,606
首,607
即,608
属,609
射,610
绍,611
温,612
男,613
兴,614
另,615
排,616
却,617
临,618
站,619
势,620
室,621
令,622
材,623
谈,624
营,625
修,626
移,627
飞,628
超,629
e,630
份,631
吸,632
买,633
承,634
益,635
团,636
货,637
降,638
仅,639
含,640
终,641
农,642
n,643
职,644
双,645
史,646
换,647
协,648
脑,649
尼,650
母,651
似,652
乎,653
察,654
输,655
局,656
严,657
北,658
林,659
酒,660
充,661
围,662
课,663
留,664
某,665
独,666
础,667
异,668
积,669
谢,670
哪,671
负,672
夫,673
景,674
南,675
念,676
C,677
五,678
括,679
缺,680
举,681
养,682
味,683
愿,684
印,685
络,686
征,687
依,688
故,689
洲,690
款,691
索,692
皮,693
免,694
9,695
核,696
阿,697
紧,698
待,699
突,700
汽,701
销,702
富,703
冲,704
朋,705
剂,706
普,707
绝,708
破,709
抗,710
银,711
损,712
船,713
床,714
旅,715
A,716
略,717
液,718
4,719
仍,720
范,721
众,722
软,723
善,724
妈,725
讲,726
章,727
警,728
米,729
兰,730
·,731
官,732
叫,733
群,734
健,735
黑,736
按,737
危,738
监,739
杂,740
担,741
假,742
继,743
树,744
底,745
拿,746
录,747
读,748
升,749
停,750
良,751
落,752
送,753
染,754
误,755
票,756
码,757
红,758
父,759
穿,760
半,761
衣,762
酸,763
付,764
—,765
纳,766
S,767
稳,768
互,769
华,770
著,771
康,772
6,773
块,774
坏,775
``,776
P,777
混,778
笑,779
靠,780
股,781
奥,782
虑,783
均,784
8,785
固,786
店,787
毒,788
胞,789
词,790
威,791
欧,792
画,793
刚,794
冷,795
编,796
久,797
财,798
架,799
古,800
百,801
聚,802
融,803
售,804
植,805
奇,806
福,807
针,808
键,809
困,810
谁,811
i,812
革,813
杀,814
静,815
刻,816
犯,817
坐,818
万,819
执,820
族,821
库,822
丽,823
操,824
散,825
掉,826
判,827
座,828
初,829
短,830
轮,831
州,832
o,833
啊,834
频,835
背,836
释,837
概,838
班,839
练,840
束,841
购,842
曾,843
香,844
园,845
草,846
痛,847
阳,848
弹,849
载,850
曲,851
木,852
罪,853
卫,854
庭,855
灵,856
竞,857
;,858
审,859
般,860
王,861
铁,862
>,863
r,864
努,865
D,866
永,867
礼,868
骨,869
居,870
馆,871
答,872
端,873
玩,874
委,875
7,876
蛋,877
慢,878
附,879
钢,880
训,881
急,882
姆,883
婚,884
患,885
餐,886
志,887
纪,888
拥,889
培,890
幸,891
河,892
趣,893
阶,894
补,895
套,896
措,897
救,898
厂,899
t,900
航,901
戏,902
障,903
估,904
纸,905
症,906
劳,907
寻,908
M,909
拟,910
顾,911
派,912
疑,913
坚,914
歌,915
退,916
T,917
青,918
矿,919
恶,920
黄,921
批,922
典,923
伊,924
六,925
苦,926
伦,927
智,928
托,929
符,930
阻,931
透,932
径,933
倒,934
毛,935
避,936
描,937
剧,938
盘,939
雷,940
亮,941
巨,942
村,943
沉,944
牛,945
甚,946
圣,947
储,948
氧,949
肉,950
钟,951
松,952
烟,953
促,954
综,955
扩,956
膜,957
败,958
缩,959
脱,960
顿,961
暴,962
党,963
p,964
跑,965
遇,966
省,967
丝,968
夜,969
I,970
盖,971
洗,972
沙,973
筑,974
惊,975
博,976
舞,977
滑,978
享,979
哈,980
贵,981
肯,982
虽,983
途,984
胜,985
笔,986
粉,987
版,988
税,989
恐,990
宝,991
额,992
藏,993
露,994
雨,995
饭,996
睡,997
糖,998
硬,999
鱼,1000
污,1001
伙,1002
森,1003
怕,1004
封,1005
菌,1006
菜,1007
脚,1008
呼,1009
迎,1010
顶,1011
武,1012
订,1013
裂,1014
遗,1015
叶,1016
牙,1017
烈,1018
泛,1019
衡,1020
爸,1021
守,1022
诺,1023
胶,1024
妇,1025
播,1026
访,1027
镜,1028
牌,1029
塞,1030
杰,1031
闻,1032
签,1033
跳,1034
秘,1035
休,1036
哥,1037
B,1038
季,1039
熟,1040
句,1041
追,1042
卖,1043
怀,1044
乱,1045
贸,1046
苏,1047
折,1048
磁,1049
诊,1050
=,1051
脉,1052
燃,1053
千,1054
借,1055
贝,1056
私,1057
震,1058
弱,1059
京,1060
归,1061
脸,1062
箱,1063
翻,1064
斗,1065
午,1066
彩,1067
挥,1068
伯,1069
顺,1070
登,1071
挑,1072
延,1073
童,1074
仪,1075
冰,1076
渐,1077
刺,1078
街,1079
零,1080
岩,1081
迷,1082
烧,1083
伴,1084
塔,1085
亡,1086
触,1087
港,1088
梦,1089
忙,1090
野,1091
抱,1092
疾,1093
麻,1094
楼,1095
逐,1096
予,1097
帝,1098
译,1099
振,1100
邮,1101
E,1102
麦,1103
喝,1104
债,1105
缓,1106
替,1107
洋,1108
灯,1109
暗,1110
汉,1111
%,1112
窗,1113
宣,1114
恩,1115
申,1116
遍,1117
R,1118
吉,1119
莱,1120
屋,1121
尤,1122
辆,1123
》,1124
勒,1125
陷,1126
既,1127
丰,1128
坦,1129
怪,1130
占,1131
宽,1132
阵,1133
汇,1134
攻,1135
仿,1136
币,1137
岛,1138
甲,1139
佳,1140
堂,1141
鼠,1142
迪,1143
凝,1144
岁,1145
粒,1146
忘,1147
《,1148
旧,1149
详,1150
杯,1151
默,1152
若,1153
趋,1154
L,1155
奶,1156
鲜,1157
八,1158
镇,1159
诚,1160
圆,1161
耐,1162
启,1163
献,1164
浪,1165
闭,1166
践,1167
虚,1168
偏,1169
（,1170
绿,1171
）,1172
洛,1173
磨,1174
唯,1175
席,1176
涉,1177
孔,1178
隐,1179
弃,1180
旋,1181
敏,1182
弄,1183
狗,1184
余,1185
巧,1186
兵,1187
朝,1188
潜,1189
左,1190
楚,1191
脂,1192
裁,1193
艾,1194
鲁,1195
爆,1196
授,1197
枪,1198
醒,1199
奖,1200
殊,1201
萨,1202
烦,1203
玛,1204
辑,1205
迫,1206
纤,1207
轴,1208
距,1209
鼓,1210
链,1211
右,1212
塑,1213
雪,1214
迹,1215
弟,1216
敌,1217
励,1218
摩,1219
炎,1220
谱,1221
禁,1222
惯,1223
昨,1224
灾,1225
癌,1226
页,1227
贷,1228
毫,1229
汤,1230
晶,1231
映,1232
唱,1233
媒,1234
扰,1235
脏,1236
拍,1237
废,1238
饮,1239
蒂,1240
抽,1241
N,1242
阅,1243
副,1244
允,1245
七,1246
O,1247
械,1248
耳,1249
乳,1250
盟,1251
隔,1252
桥,1253
督,1254
询,1255
龙,1256
虫,1257
灰,1258
摘,1259
末,1260
姐,1261
煤,1262
尚,1263
饰,1264
赞,1265
炸,1266
瑞,1267
遭,1268
幅,1269
肌,1270
墙,1271
阐,1272
厚,1273
祝,1274
诗,1275
溶,1276
侵,1277
纯,1278
陆,1279
招,1280
曼,1281
赖,1282
档,1283
握,1284
卷,1285
赢,1286
李,1287
桌,1288
瘤,1289
函,1290
恢,1291
云,1292
驱,1293
倾,1294
乏,1295
夏,1296
乡,1297
洁,1298
盛,1299
薄,1300
湿,1301
尺,1302
抓,1303
掌,1304
碍,1305
荷,1306
h,1307
缘,1308
乘,1309
侧,1310
颜,1311
绩,1312
九,1313
蒙,1314
阴,1315
d,1316
框,1317
G,1318
抵,1319
泥,1320
荣,1321
朗,1322
毕,1323
刀,1324
偿,1325
尝,1326
灭,1327
赶,1328
残,1329
戴,1330
鸡,1331
F,1332
循,1333
喷,1334
匹,1335
抑,1336
田,1337
湖,1338
逃,1339
涂,1340
迟,1341
疫,1342
繁,1343
净,1344
肤,1345
租,1346
毁,1347
纹,1348
糊,1349
润,1350
迅,1351
踪,1352
妻,1353
埃,1354
忆,1355
雅,1356
肿,1357
敢,1358
炉,1359
佛,1360
沿,1361
冒,1362
肥,1363
池,1364
碳,1365
棒,1366
睛,1367
摄,1368
漂,1369
拒,1370
宗,1371
俄,1372
尊,1373
江,1374
井,1375
碎,1376
摆,1377
搜,1378
春,1379
浓,1380
弗,1381
蓝,1382
插,1383
悲,1384
偷,1385
锁,1386
凯,1387
鉴,1388
泡,1389
m,1390
填,1391
洞,1392
援,1393
篇,1394
盐,1395
魔,1396
添,1397
耶,1398
粘,1399
u,1400
翰,1401
杆,1402
潮,1403
尾,1404
拜,1405
旁,1406
莫,1407
壁,1408
舒,1409
扫,1410
伸,1411
厅,1412
址,1413
粗,1414
莉,1415
袋,1416
谷,1417
H,1418
累,1419
鸟,1420
圈,1421
贴,1422
宁,1423
竟,1424
宜,1425
焦,1426
券,1427
雇,1428
呈,1429
狂,1430
伟,1431
丁,1432
厌,1433
岸,1434
羊,1435
尿,1436
徒,1437
递,1438
颗,1439
嘴,1440
滤,1441
腐,1442
奋,1443
幕,1444
讯,1445
搞,1446
糟,1447
茶,1448
漫,1449
墨,1450
耗,1451
玻,1452
捕,1453
碰,1454
冠,1455
肝,1456
瓶,1457
雄,1458
麽,1459
肠,1460
刑,1461
寄,1462
丹,1463
鞋,1464
绕,1465
勇,1466
乔,1467
螺,1468
菲,1469
偶,1470
宫,1471
贫,1472
闪,1473
齿,1474
堆,1475
怒,1476
瓦,1477
胁,1478
撞,1479
忍,1480
衰,1481
刷,1482
歉,1483
柱,1484
绪,1485
乙,1486
驶,1487
忽,1488
跨,1489
V,1490
璃,1491
擦,1492
返,1493
腺,1494
缝,1495
沟,1496
鬼,1497
帐,1498
旦,1499
违,1500
彼,1501
册,1502
摇,1503
钻,1504
泰,1505
拖,1506
敦,1507
暖,1508
妹,1509
迈,1510
纽,1511
诞,1512
柔,1513
懂,1514
胡,1515
署,1516
滚,1517
龄,1518
腿,1519
览,1520
庆,1521
胆,1522
坡,1523
夹,1524
猫,1525
胎,1526
[,1527
浮,1528
阀,1529
兄,1530
罚,1531
珍,1532
娜,1533
秀,1534
糕,1535
],1536
轨,1537
酶,1538
绘,1539
辩,1540
袭,1541
肺,1542
邦,1543
忧,1544
敬,1545
冬,1546
赏,1547
剪,1548
焊,1549
豆,1550
倍,1551
谐,1552
腔,1553
奏,1554
挂,1555
驾,1556
削,1557
弯,1558
穷,1559
梯,1560
挤,1561
殖,1562
吹,1563
矩,1564
呆,1565
横,1566
遵,1567
扬,1568
骗,1569
淡,1570
谋,1571
仔,1572
骑,1573
邻,1574
暂,1575
啡,1576
尖,1577
诱,1578
咖,1579
孤,1580
蚀,1581
湾,1582
壤,1583
莎,1584
割,1585
覆,1586
哦,1587
齐,1588
葡,1589
寸,1590
貌,1591
浆,1592
壳,1593
梅,1594
诸,1595
丢,1596
炼,1597
祖,1598
陈,1599
涨,1600
甜,1601
胸,1602
疯,1603
催,1604
愈,1605
胀,1606
央,1607
鼻,1608
辅,1609
剩,1610
疲,1611
彻,1612
漏,1613
俱,1614
帕,1615
萄,1616
逻,1617
凡,1618
珠,1619
妮,1620
沃,1621
腹,1622
噪,1623
娘,1624
尘,1625
宾,1626
妙,1627
皇,1628
撒,1629
扎,1630
铜,1631
泳,1632
扣,1633
闲,1634
蒸,1635
y,1636
欲,1637
g,1638
纵,1639
屏,1640
&,1641
怖,1642
峰,1643
聪,1644
隆,1645
辛,1646
胃,1647
狱,1648
梁,1649
X,1650
斜,1651
囊,1652
乌,1653
誉,1654
账,1655
灌,1656
渗,1657
搭,1658
<,1659
县,1660
辨,1661
丈,1662
堡,1663
俗,1664
串,1665
夺,1666
愉,1667
猜,1668
邀,1669
垂,1670
恒,1671
b,1672
琴,1673
悉,1674
聊,1675
宇,1676
丧,1677
伍,1678
肾,1679
犹,1680
哭,1681
截,1682
庄,1683
魂,1684
猛,1685
醇,1686
逆,1687
澳,1688
恋,1689
淋,1690
哲,1691
寒,1692
挖,1693
硫,1694
恰,1695
惧,1696
迁,1697
汗,1698
咱,1699
W,1700
盾,1701
幻,1702
荡,1703
浅,1704
悬,1705
铝,1706
辞,1707
疼,1708
幼,1709
跌,1710
壮,1711
豪,1712
冻,1713
昂,1714
纷,1715
骤,1716
艰,1717
旨,1718
勃,1719
稍,1720
贡,1721
玉,1722
忠,1723
跃,1724
垃,1725
寿,1726
韩,1727
圾,1728
渴,1729
薪,1730
搬,1731
婴,1732
厨,1733
抛,1734
牧,1735
雾,1736
仰,1737
泽,1738
爬,1739
氨,1740
揭,1741
欣,1742
扮,1743
椅,1744
啦,1745
猎,1746
谓,1747
逊,1748
泵,1749
烯,1750
烤,1751
醉,1752
猪,1753
滋,1754
荒,1755
惠,1756
劲,1757
黎,1758
铸,1759
苗,1760
紫,1761
肩,1762
滴,1763
呀,1764
戒,1765
霍,1766
怨,1767
抢,1768
辐,1769
甘,1770
陶,1771
赔,1772
眠,1773
吻,1774
枝,1775
氏,1776
U,1777
晨,1778
臂,1779
赋,1780
恨,1781
帽,1782
秋,1783
衬,1784
箭,1785
郁,1786
盒,1787
拓,1788
姑,1789
歧,1790
吓,1791
赫,1792
勤,1793
氢,1794
汁,1795
瓜,1796
吵,1797
捷,1798
孕,1799
舍,1800
颈,1801
腰,1802
兼,1803
铺,1804
召,1805
矛,1806
斑,1807
廉,1808
硅,1809
闹,1810
盆,1811
牢,1812
愤,1813
篮,1814
虎,1815
渡,1816
泪,1817
棉,1818
捐,1819
拼,1820
稀,1821
姻,1822
董,1823
宏,1824
亦,1825
陪,1826
苹,1827
慧,1828
酯,1829
饼,1830
亿,1831
匀,1832
瑟,1833
凭,1834
佩,1835
朵,1836
盗,1837
扭,1838
蜜,1839
宿,1840
蓄,1841
仓,1842
摸,1843
谎,1844
兹,1845
撤,1846
蜂,1847
翼,1848
酷,1849
叉,1850
叙,1851
橡,1852
浸,1853
拔,1854
绳,1855
膨,1856
瓷,1857
谨,1858
腊,1859
涵,1860
磷,1861
贯,1862
讼,1863
遥,1864
裤,1865
叔,1866
押,1867
撑,1868
粮,1869
漆,1870
栏,1871
欺,1872
阔,1873
届,1874
蠢,1875
俩,1876
拆,1877
f,1878
惑,1879
纠,1880
掩,1881
柜,1882
籍,1883
筹,1884
泄,1885
慈,1886
雕,1887
愚,1888
罐,1889
碱,1890
烂,1891
砂,1892
挺,1893
宙,1894
氯,1895
锻,1896
厉,1897
燥,1898
幽,1899
钥,1900
熊,1901
舰,1902
咨,1903
k,1904
浴,1905
嘛,1906
叠,1907
苯,1908
刊,1909
埋,1910
伏,1911
漠,1912
删,1913
卵,1914
炮,1915
恼,1916
K,1917
番,1918
凉,1919
唐,1920
川,1921
扔,1922
聘,1923
荐,1924
旗,1925
奉,1926
伪,1927
爵,1928
脆,1929
耀,1930
丙,1931
筒,1932
痕,1933
芯,1934
饱,1935
挡,1936
慎,1937
竭,1938
胺,1939
掘,1940
饿,1941
携,1942
爷,1943
罢,1944
晰,1945
傻,1946
秒,1947
姿,1948
氮,1949
疏,1950
馈,1951
裙,1952
坛,1953
筋,1954
姓,1955
穆,1956
锅,1957
赚,1958
劣,1959
怜,1960
尸,1961
滞,1962
屈,1963
袖,1964
傲,1965
赌,1966
敲,1967
弥,1968
膀,1969
吐,1970
纺,1971
洪,1972
杜,1973
钉,1974
匆,1975
桑,1976
肪,1977
崇,1978
铅,1979
牵,1980
蛇,1981
滩,1982
狼,1983
津,1984
剖,1985
槽,1986
拳,1987
躺,1988
熔,1989
衫,1990
惜,1991
芬,1992
桩,1993
丑,1994
炭,1995
泉,1996
垫,1997
J,1998
踢,1999
叛,2000
履,2001
扑,2002
琳,2003
隙,2004
寓,2005
胖,2006
赤,2007
钮,2008
仁,2009
昏,2010
夸,2011
欠,2012
涌,2013
惩,2014
匙,2015
擎,2016
柴,2017
锋,2018
筛,2019
剑,2020
舱,2021
脊,2022
w,2023
谊,2024
牲,2025
喂,2026
娱,2027
艘,2028
扶,2029
蔬,2030
宪,2031
盲,2032
镀,2033
v,2034
卸,2035
韦,2036
罩,2037
辉,2038
妥,2039
嵌,2040
稣,2041
驻,2042
盈,2043
岗,2044
溃,2045
躲,2046
奔,2047
卢,2048
慰,2049
氛,2050
锈,2051
霉,2052
兽,2053
绑,2054
卧,2055
悦,2056
悔,2057
宅,2058
臭,2059
喊,2060
腾,2061
宴,2062
咬,2063
逼,2064
誓,2065
酬,2066
朱,2067
淀,2068
谅,2069
踏,2070
嘉,2071
窃,2072
畅,2073
侦,2074
鲍,2075
唤,2076
啤,2077
髓,2078
拨,2079
椎,2080
憾,2081
酵,2082
祷,2083
铃,2084
膝,2085
奴,2086
沫,2087
御,2088
栓,2089
吊,2090
吞,2091
桃,2092
钙,2093
剥,2094
堪,2095
浦,2096
吁,2097
昆,2098
凸,2099
笼,2100
稿,2101
婆,2102
脾,2103
娃,2104
亨,2105
毯,2106
辱,2107
丛,2108
稻,2109
披,2110
戈,2111
斥,2112
詹,2113
羞,2114
舌,2115
茨,2116
株,2117
兔,2118
宠,2119
衍,2120
瓣,2121
堵,2122
劝,2123
缠,2124
辈,2125
役,2126
缆,2127
艇,2128
渠,2129
墓,2130
瞧,2131
瞬,2132
孙,2133
挣,2134
抬,2135
乃,2136
惨,2137
扇,2138
懒,2139
凶,2140
捉,2141
君,2142
纱,2143
窄,2144
笨,2145
砖,2146
蹈,2147
桶,2148
崩,2149
狭,2150
魅,2151
巡,2152
嗯,2153
伐,2154
契,2155
阁,2156
赠,2157
耦,2158
蜡,2159
搅,2160
酮,2161
忌,2162
劫,2163
庞,2164
轧,2165
锌,2166
悄,2167
嘿,2168
胰,2169
佣,2170
倡,2171
/,2172
膏,2173
…,2174
衷,2175
噢,2176
仇,2177
坝,2178
罕,2179
祈,2180
颇,2181
陌,2182
泊,2183
滥,2184
锐,2185
摔,2186
晓,2187
酱,2188
狮,2189
旱,2190
裹,2191
钠,2192
遮,2193
弧,2194
祸,2195
溜,2196
瑰,2197
肢,2198
悠,2199
煮,2200
刘,2201
晕,2202
棵,2203
邪,2204
嫌,2205
寂,2206
刮,2207
歇,2208
鸣,2209
柏,2210
芳,2211
锡,2212
哀,2213
浏,2214
巾,2215
兑,2216
烷,2217
饥,2218
逝,2219
竹,2220
贺,2221
肃,2222
犬,2223
峡,2224
碗,2225
飘,2226
饲,2227
讶,2228
廊,2229
瘦,2230
亏,2231
骂,2232
贪,2233
闷,2234
胚,2235
唇,2236
玫,2237
泌,2238
皱,2239
翅,2240
牺,2241
芝,2242
喻,2243
枚,2244
辣,2245
渣,2246
轰,2247
杨,2248
栽,2249
勘,2250
枯,2251
抹,2252
奈,2253
缸,2254
拾,2255
缔,2256
芽,2257
氟,2258
眉,2259
葬,2260
卓,2261
隧,2262
肚,2263
爽,2264
慌,2265
喉,2266
琼,2267
焰,2268
倦,2269
骄,2270
涡,2271
珊,2272
抚,2273
绵,2274
隶,2275
妆,2276
矮,2277
拌,2278
鹿,2279
屁,2280
攀,2281
柯,2282
溢,2283
喘,2284
杉,2285
叹,2286
拐,2287
苍,2288
猴,2289
耕,2290
伞,2291
弊,2292
涯,2293
Q,2294
渔,2295
惹,2296
窝,2297
擅,2298
盯,2299
馀,2300
骚,2301
硝,2302
颠,2303
旺,2304
柄,2305
仙,2306
仲,2307
栅,2308
钩,2309
舶,2310
抖,2311
羽,2312
穴,2313
卑,2314
弦,2315
妨,2316
缴,2317
镑,2318
蔽,2319
挫,2320
逮,2321
韧,2322
嘲,2323
裕,2324
鸭,2325
秩,2326
慕,2327
诈,2328
碑,2329
茄,2330
郎,2331
拘,2332
嫁,2333
殿,2334
侣,2335
畜,2336
丘,2337
嫩,2338
粹,2339
遣,2340
赐,2341
滨,2342
畏,2343
巢,2344
x,2345
颤,2346
贮,2347
坑,2348
梗,2349
晒,2350
拯,2351
晃,2352
咽,2353
酪,2354
帆,2355
茎,2356
酚,2357
痴,2358
祭,2359
垒,2360
黏,2361
皂,2362
咒,2363
钓,2364
+,2365
荧,2366
鹰,2367
凹,2368
皆,2369
仆,2370
溪,2371
摧,2372
棋,2373
颁,2374
撕,2375
狠,2376
卜,2377
贩,2378
塌,2379
耻,2380
酰,2381
棕,2382
萝,2383
淘,2384
霜,2385
锦,2386
迭,2387
郊,2388
盼,2389
沮,2390
贼,2391
僵,2392
藉,2393
勾,2394
廷,2395
寺,2396
咳,2397
厦,2398
驳,2399
凌,2400
讽,2401
挨,2402
帅,2403
辊,2404
奢,2405
耍,2406
烹,2407
搁,2408
鹅,2409
棍,2410
屑,2411
挽,2412
薯,2413
搏,2414
浇,2415
慨,2416
豫,2417
畸,2418
锚,2419
砍,2420
扯,2421
梳,2422
囚,2423
锥,2424
洒,2425
巫,2426
恭,2427
榜,2428
顽,2429
裸,2430
绒,2431
藻,2432
雌,2433
摊,2434
兆,2435
廓,2436
庙,2437
Y,2438
恕,2439
凑,2440
丸,2441
嗨,2442
逗,2443
坠,2444
垄,2445
酿,2446
朴,2447
醋,2448
扁,2449
厄,2450
糙,2451
泼,2452
谴,2453
募,2454
寡,2455
贾,2456
艳,2457
颅,2458
黛,2459
挪,2460
妒,2461
烛,2462
沥,2463
硕,2464
迄,2465
蕾,2466
坎,2467
蝶,2468
栋,2469
祥,2470
暑,2471
煌,2472
拱,2473
蔓,2474
岭,2475
弓,2476
矢,2477
敞,2478
疹,2479
蕴,2480
峻,2481
烫,2482
闯,2483
畴,2484
禽,2485
_,2486
疆,2487
棘,2488
臣,2489
淹,2490
碟,2491
辖,2492
橱,2493
蛮,2494
雀,2495
纲,2496
芒,2497
肖,2498
裔,2499
谦,2500
莲,2501
篷,2502
椒,2503
躁,2504
炒,2505
矶,2506
悟,2507
帘,2508
竖,2509
龟,2510
浙,2511
蓬,2512
簧,2513
匠,2514
瘾,2515
褐,2516
狐,2517
澡,2518
Z,2519
萎,2520
砸,2521
贬,2522
靶,2523
伽,2524
翔,2525
泣,2526
佐,2527
啥,2528
晴,2529
敛,2530
萃,2531
葛,2532
蛛,2533
汀,2534
奠,2535
赴,2536
沸,2537
鲸,2538
浑,2539
虾,2540
夕,2541
掺,2542
吴,2543
狄,2544
洽,2545
茫,2546
圳,2547
―,2548
锯,2549
虐,2550
惟,2551
钛,2552
萧,2553
莓,2554
晋,2555
榄,2556
芭,2557
矫,2558
柠,2559
甸,2560
愁,2561
驰,2562
镁,2563
儒,2564
蛙,2565
衔,2566
壶,2567
绸,2568
辜,2569
翁,2570
猩,2571
邓,2572
钾,2573
镍,2574
潘,2575
慷,2576
蚁,2577
苷,2578
徽,2579
勉,2580
霸,2581
刹,2582
醛,2583
塘,2584
胳,2585
掠,2586
逛,2587
愧,2588
轿,2589
谣,2590
蚊,2591
绞,2592
锤,2593
檬,2594
闸,2595
孟,2596
庸,2597
颖,2598
燕,2599
嫉,2600
吨,2601
谜,2602
橄,2603
桂,2604
淇,2605
冶,2606
宋,2607
脖,2608
踩,2609
孢,2610
烘,2611
坪,2612
俯,2613
袜,2614
屠,2615
碌,2616
哨,2617
伺,2618
辽,2619
缅,2620
烃,2621
幢,2622
枢,2623
巷,2624
虹,2625
巩,2626
懈,2627
抄,2628
恳,2629
屿,2630
腕,2631
陵,2632
拦,2633
沾,2634
凋,2635
奸,2636
肽,2637
梭,2638
娅,2639
乾,2640
栖,2641
稽,2642
哇,2643
斤,2644
铬,2645
勿,2646
膊,2647
溯,2648
涤,2649
柳,2650
呵,2651
杠,2652
侍,2653
堕,2654
厕,2655
仑,2656
鞭,2657
芦,2658
椭,2659
枕,2660
橙,2661
尉,2662
磅,2663
’,2664
馏,2665
陀,2666
葱,2667
渊,2668
惰,2669
趟,2670
韵,2671
煎,2672
祂,2673
坞,2674
棚,2675
乖,2676
钝,2677
喇,2678
爪,2679
藤,2680
宰,2681
舟,2682
谬,2683
垮,2684
─,2685
烁,2686
灿,2687
‘,2688
贿,2689
~,2690
缚,2691
堤,2692
哮,2693
赎,2694
徐,2695
狸,2696
掷,2697
涛,2698
嗽,2699
镶,2700
澄,2701
冗,2702
腻,2703
夷,2704
笛,2705
沌,2706
躯,2707
曝,2708
谍,2709
肆,2710
颌,2711
坯,2712
捆,2713
嗓,2714
胱,2715
蝇,2716
侈,2717
疡,2718
颊,2719
泻,2720
侮,2721
辟,2722
尬,2723
戚,2724
尴,2725
陋,2726
瞎,2727
趁,2728
喧,2729
厢,2730
簿,2731
沼,2732
嗜,2733
秦,2734
冥,2735
•,2736
仗,2737
妄,2738
赁,2739
梨,2740
憎,2741
傅,2742
哑,2743
靴,2744
铭,2745
杭,2746
撰,2747
哺,2748
敷,2749
珀,2750
瞄,2751
妊,2752
鄙,2753
挠,2754
逢,2755
甩,2756
熬,2757
耸,2758
徵,2759
凤,2760
陡,2761
熏,2762
痒,2763
缀,2764
呃,2765
汰,2766
熄,2767
乞,2768
绅,2769
籽,2770
厘,2771
饶,2772
驼,2773
歪,2774
琐,2775
郑,2776
蜘,2777
蒜,2778
垢,2779
昌,2780
饪,2781
娠,2782
趾,2783
嗅,2784
鸿,2785
蕉,2786
嚼,2787
杖,2788
逸,2789
溅,2790
寞,2791
菊,2792
谚,2793
睁,2794
茂,2795
侯,2796
冈,2797
灶,2798
礁,2799
沈,2800
喀,2801
瘫,2802
刃,2803
z,2804
兜,2805
崖,2806
剔,2807
捞,2808
俊,2809
僚,2810
鸦,2811
﹐,2812
媚,2813
唑,2814
窦,2815
窥,2816
娶,2817
郡,2818
睹,2819
咯,2820
帧,2821
匿,2822
阱,2823
聋,2824
啸,2825
惫,2826
颂,2827
坊,2828
蝴,2829
肘,2830
稠,2831
奎,2832
粪,2833
帖,2834
驴,2835
渍,2836
溉,2837
匪,2838
磺,2839
羡,2840
氰,2841
疤,2842
钞,2843
哄,2844
阈,2845
炫,2846
碧,2847
耽,2848
疮,2849
茅,2850
翠,2851
盔,2852
绣,2853
瞒,2854
昔,2855
钦,2856
诀,2857
亭,2858
杏,2859
茜,2860
豹,2861
噬,2862
桨,2863
驯,2864
紊,2865
惕,2866
喔,2867
蟹,2868
橘,2869
挚,2870
崛,2871
～,2872
碘,2873
咪,2874
窍,2875
坟,2876
屉,2877
崭,2878
咸,2879
庇,2880
嘱,2881
浩,2882
遏,2883
淫,2884
|,2885
诵,2886
骼,2887
拙,2888
蠕,2889
肋,2890
豚,2891
砌,2892
昧,2893
纬,2894
瑜,2895
筝,2896
姜,2897
婪,2898
旷,2899
粥,2900
呕,2901
濒,2902
捡,2903
弈,2904
髦,2905
萌,2906
窑,2907
稼,2908
樱,2909
寨,2910
焚,2911
溺,2912
姨,2913
弛,2914
怯,2915
簇,2916
鸽,2917
棱,2918
诡,2919
癫,2920
卒,2921
и,2922
晤,2923
毅,2924
浊,2925
肮,2926
陛,2927
赵,2928
踝,2929
蜗,2930
铀,2931
嚷,2932
扼,2933
篱,2934
蚕,2935
栈,2936
脓,2937
悯,2938
鲨,2939
诅,2940
妖,2941
瞪,2942
捧,2943
蔑,2944
馅,2945
琪,2946
虔,2947
拷,2948
羟,2949
凿,2950
飓,2951
蚂,2952
哎,2953
滔,2954
铲,2955
佑,2956
锰,2957
傍,2958
菇,2959
朽,2960
咐,2961
鳞,2962
玲,2963
捣,2964
姚,2965
俘,2966
绷,2967
栗,2968
掏,2969
咙,2970
贱,2971
吼,2972
臀,2973
盏,2974
苛,2975
陕,2976
妳,2977
狡,2978
醚,2979
苔,2980
妓,2981
瑚,2982
岂,2983
灼,2984
．,2985
叭,2986
乒,2987
勋,2988
劈,2989
钳,2990
沛,2991
亟,2992
捏,2993
魁,2994
涅,2995
跪,2996
薇,2997
吟,2998
睫,2999
墅,3000
疟,3001
眩,3002
袍,3003
锂,3004
硼,3005
舆,3006
淆,3007
嘘,3008
诫,3009
痫,3010
穗,3011
屡,3012
秃,3013
斧,3014
絮,3015
乓,3016
峭,3017
蹦,3018
疚,3019
睾,3020
褶,3021
崔,3022
槟,3023
瀑,3024
馨,3025
彰,3026
肴,3027
咎,3028
懦,3029
砰,3030
恤,3031
叨,3032
掀,3033
悼,3034
熵,3035
铣,3036
汞,3037
徙,3038
拧,3039
娇,3040
扳,3041
涩,3042
吾,3043
舵,3044
荫,3045
斐,3046
榴,3047
绊,3048
芙,3049
贞,3050
拇,3051
俭,3052
蹄,3053
侠,3054
,3055
抨,3056
骆,3057
褪,3058
逾,3059
膳,3060
聆,3061
佬,3062
迦,3063
卿,3064
戳,3065
宵,3066
吩,3067
疵,3068
嗡,3069
哩,3070
鞍,3071
撇,3072
睐,3073
帜,3074
翘,3075
桔,3076
汶,3077
勺,3078
腱,3079
囱,3080
豁,3081
僧,3082
拢,3083
眨,3084
沐,3085
铵,3086
窒,3087
彭,3088
稚,3089
殷,3090
诠,3091
蹲,3092
叮,3093
赂,3094
哼,3095
倘,3096
窟,3097
玄,3098
蔗,3099
蝠,3100
孵,3101
鞘,3102
淤,3103
岔,3104
鼎,3105
磋,3106
娩,3107
吱,3108
炬,3109
莽,3110
*,3111
痰,3112
咕,3113
彬,3114
凳,3115
冯,3116
禅,3117
揽,3118
髋,3119
觅,3120
柿,3121
魏,3122
僻,3123
痹,3124
渺,3125
剃,3126
瑕,3127
鳄,3128
贤,3129
湍,3130
凄,3131
嘎,3132
窘,3133
缕,3134
噩,3135
瞥,3136
赦,3137
榨,3138
怠,3139
砾,3140
暇,3141
婉,3142
釉,3143
「,3144
墟,3145
倚,3146
甫,3147
呐,3148
渥,3149
椰,3150
纶,3151
挛,3152
瞩,3153
揉,3154
–,3155
汹,3156
簸,3157
蝙,3158
淬,3159
卤,3160
兮,3161
谤,3162
溴,3163
酗,3164
绎,3165
歹,3166
妞,3167
辰,3168
砷,3169
撼,3170
煽,3171
柬,3172
哗,3173
膛,3174
柑,3175
灸,3176
疱,3177
唔,3178
牡,3179
啮,3180
躬,3181
昭,3182
旳,3183
吝,3184
j,3185
喋,3186
埔,3187
趴,3188
俺,3189
荆,3190
翩,3191
旬,3192
焕,3193
猾,3194
钼,3195
唠,3196
钨,3197
侄,3198
饵,3199
昼,3200
捍,3201
痪,3202
骸,3203
汪,3204
忱,3205
悖,3206
箔,3207
痘,3208
湛,3209
唾,3210
焙,3211
腌,3212
惶,3213
沦,3214
咀,3215
魄,3216
冕,3217
瞻,3218
蘑,3219
熨,3220
黯,3221
铰,3222
跤,3223
鹤,3224
吡,3225
」,3226
徊,3227
岳,3228
後,3229
揍,3230
痊,3231
崎,3232
蔼,3233
匈,3234
徘,3235
菱,3236
霞,3237
,3238
姊,3239
－,3240
渲,3241
亩,3242
拂,3243
脐,3244
蒋,3245
叁,3246
啪,3247
枣,3248
毙,3249
羔,3250
睑,3251
笆,3252
硒,3253
芥,3254
毋,3255
秤,3256
飙,3257
遂,3258
墩,3259
梵,3260
肛,3261
潭,3262
楔,3263
诽,3264
抉,3265
嬉,3266
怡,3267
琢,3268
澈,3269
啶,3270
腥,3271
梢,3272
℃,3273
郭,3274
嘶,3275
碾,3276
靡,3277
窜,3278
拭,3279
殴,3280
孝,3281
曹,3282
狩,3283
痉,3284
戊,3285
於,3286
湘,3287
鹦,3288
盎,3289
熙,3290
毗,3291
姬,3292
葵,3293
瘟,3294
冤,3295
睦,3296
屎,3297
竿,3298
镖,3299
棺,3300
舅,3301
侏,3302
嘻,3303
乍,3304
绽,3305
孽,3306
暮,3307
轭,3308
骇,3309
淮,3310
拣,3311
唉,3312
枫,3313
阑,3314
鹉,3315
酋,3316
刨,3317
缎,3318
茸,3319
畔,3320
筷,3321
秽,3322
#,3323
犁,3324
菠,3325
舔,3326
秆,3327
蛾,3328
焉,3329
纫,3330
皿,3331
眶,3332
癖,3333
卦,3334
煞,3335
嚣,3336
炖,3337
啬,3338
讳,3339
拴,3340
鞠,3341
宛,3342
寝,3343
氓,3344
丐,3345
孜,3346
雏,3347
衅,3348
舷,3349
汲,3350
曳,3351
耿,3352
吕,3353
婊,3354
亥,3355
忏,3356
蜒,3357
缪,3358
烙,3359
〕,3360
淌,3361
朦,3362
侨,3363
匮,3364
槛,3365
抒,3366
〔,3367
胫,3368
镉,3369
悍,3370
笋,3371
绚,3372
幔,3373
犀,3374
亵,3375
蜿,3376
腈,3377
喃,3378
钴,3379
羚,3380
螨,3381
萤,3382
q,3383
斩,3384
铂,3385
卉,3386
瘀,3387
炽,3388
肇,3389
懊,3390
荟,3391
拮,3392
蒲,3393
饺,3394
窖,3395
橇,3396
榈,3397
吠,3398
垦,3399
辙,3400
酌,3401
汕,3402
虏,3403
爹,3404
蔡,3405
羧,3406
胧,3407
蝎,3408
坍,3409
啼,3410
俏,3411
瘘,3412
嚏,3413
缉,3414
睬,3415
羁,3416
呜,3417
攒,3418
隘,3419
鸥,3420
晾,3421
蜥,3422
圭,3423
扒,3424
龈,3425
茱,3426
秉,3427
洼,3428
茧,3429
凰,3430
琌,3431
筏,3432
寥,3433
︰,3434
撬,3435
跋,3436
腋,3437
讥,3438
秸,3439
脲,3440
嘈,3441
厥,3442
蚤,3443
桅,3444
拽,3445
酥,3446
芹,3447
鄂,3448
猿,3449
涕,3450
咧,3451
嗪,3452
桁,3453
陨,3454
惬,3455
烬,3456
呻,3457
渎,3458
芜,3459
咆,3460
菩,3461
绰,3462
嗦,3463
孪,3464
螂,3465
粤,3466
恍,3467
颞,3468
臼,3469
嘟,3470
腮,3471
沧,3472
眷,3473
弘,3474
霆,3475
彗,3476
苟,3477
咋,3478
慑,3479
鳍,3480
α,3481
斋,3482
ぃ,3483
腓,3484
瘢,3485
锆,3486
栩,3487
颚,3488
瞰,3489
β,3490
疝,3491
唬,3492
汐,3493
茵,3494
啃,3495
驭,3496
噜,3497
悚,3498
啉,3499
妃,3500
踱,3501
芪,3502
竣,3503
搂,3504
揣,3505
箍,3506
锭,3507
莹,3508
穹,3509
戮,3510
钡,3511
枉,3512
帷,3513
赘,3514
篡,3515
夥,3516
钎,3517
惭,3518
哟,3519
捻,3520
蛀,3521
玷,3522
酐,3523
豌,3524
蜴,3525
颓,3526
澜,3527
渤,3528
琥,3529
巅,3530
渝,3531
搓,3532
忡,3533
,3534
氦,3535
夭,3536
檐,3537
酝,3538
蜷,3539
晦,3540
幂,3541
淑,3542
憩,3543
恙,3544
蹭,3545
炙,3546
禾,3547
钒,3548
鲑,3549
祛,3550
扛,3551
逞,3552
丫,3553
缭,3554
藐,3555
楞,3556
掐,3557
粟,3558
嗒,3559
翡,3560
狙,3561
桐,3562
腭,3563
芋,3564
茉,3565
婶,3566
蕊,3567
漩,3568
谭,3569
萦,3570
哒,3571
亢,3572
斟,3573
涎,3574
冀,3575
裘,3576
镯,3577
蜕,3578
缄,3579
荚,3580
祟,3581
虱,3582
冉,3583
雁,3584
毡,3585
啄,3586
铐,3587
葫,3588
蔚,3589
逍,3590
榆,3591
肱,3592
牠,3593
岖,3594
奄,3595
屯,3596
铆,3597
糜,3598
咄,3599
蟑,3600
悴,3601
漓,3602
箴,3603
跚,3604
睿,3605
雹,3606
曙,3607
脯,3608
憔,3609
跛,3610
沪,3611
嚎,3612
瞭,3613
蛎,3614
诧,3615
盹,3616
潇,3617
蕃,3618
蝗,3619
瘠,3620
遐,3621
婷,3622
赃,3623
摒,3624
蹒,3625
龋,3626
谛,3627
涸,3628
薰,3629
岌,3630
迥,3631
猖,3632
叽,3633
氩,3634
糠,3635
捅,3636
鹏,3637
祀,3638
蚓,3639
侥,3640
莞,3641
罹,3642
嬷,3643
蛤,3644
矽,3645
炔,3646
啰,3647
苇,3648
眺,3649
俚,3650
辗,3651
攘,3652
祢,3653
們,3654
帚,3655
蜚,3656
裳,3657
瘸,3658
吏,3659
襟,3660
昵,3661
疙,3662
顷,3663
壹,3664
辫,3665
潦,3666
羹,3667
螃,3668
靓,3669
,3670
曰,3671
苞,3672
耙,3673
仕,3674
轩,3675
缤,3676
娴,3677
瘩,3678
柚,3679
疣,3680
踵,3681
愕,3682
漱,3683
搀,3684
堰,3685
楷,3686
甙,3687
匣,3688
泞,3689
崽,3690
甾,3691
潺,3692
譬,3693
伎,3694
癣,3695
猝,3696
蕨,3697
鞣,3698
炊,3699
瀚,3700
诲,3701
雳,3702
袒,3703
梧,3704
喳,3705
兢,3706
瞌,3707
寇,3708
迂,3709
呛,3710
殆,3711
檀,3712
{,3713
闽,3714
蒿,3715
瘪,3716
蓉,3717
咏,3718
呱,3719
挟,3720
霹,3721
瞳,3722
伶,3723
垩,3724
唧,3725
镰,3726
姗,3727
鱿,3728
蓿,3729
哌,3730
谘,3731
矗,3732
倔,3733
邱,3734
邋,3735
痤,3736
苜,3737
釜,3738
骡,3739
骶,3740
鲤,3741
纾,3742
薛,3743
牟,3744
忿,3745
腆,3746
哆,3747
筐,3748
犊,3749
捂,3750
苣,3751
苑,3752
辍,3753
暧,3754
鼾,3755
馁,3756
嫂,3757
,3758
绢,3759
茬,3760
姥,3761
潢,3762
},3763
喹,3764
蚜,3765
樟,3766
眯,3767
莺,3768
闩,3769
`,3770
疽,3771
寐,3772
$,3773
霄,3774
撮,3775
攸,3776
萍,3777
俐,3778
褥,3779
秧,3780
搪,3781
莪,3782
骏,3783
×,3784
庐,3785
甄,3786
噻,3787
殉,3788
憋,3789
跷,3790
孚,3791
裨,3792
歼,3793
瞅,3794
坷,3795
萘,3796
愣,3797
颐,3798
荔,3799
袱,3800
纂,3801
禀,3802
藓,3803
迸,3804
獗,3805
遢,3806
膈,3807
偎,3808
鹃,3809
峙,3810
惚,3811
篝,3812
硂,3813
翱,3814
憧,3815
憬,3816
锑,3817
楣,3818
蹬,3819
壕,3820
奕,3821
揪,3822
禄,3823
蘸,3824
蚯,3825
辘,3826
蹑,3827
吮,3828
涟,3829
朔,3830
锄,3831
苄,3832
佼,3833
喱,3834
赣,3835
琵,3836
嘧,3837
锣,3838
蹩,3839
眸,3840
旭,3841
腼,3842
喽,3843
琅,3844
嗤,3845
诙,3846
瑙,3847
扉,3848
貂,3849
杞,3850
屹,3851
巍,3852
邃,3853
唆,3854
鳗,3855
剽,3856
夯,3857
摹,3858
厮,3859
荪,3860
粕,3861
±,3862
暨,3863
毂,3864
痔,3865
桡,3866
疸,3867
膦,3868
擂,3869
笃,3870
滇,3871
蟾,3872
枷,3873
涝,3874
磕,3875
搔,3876
彷,3877
○,3878
黝,3879
靖,3880
噶,3881
榻,3882
邸,3883
搐,3884
袁,3885
邑,3886
蹋,3887
蜀,3888
痢,3889
媲,3890
蔷,3891
∶,3892
恺,3893
鸠,3894
卟,3895
赊,3896
漾,3897
／,3898
跻,3899
熠,3900
砧,3901
瓢,3902
褒,3903
媳,3904
痣,3905
麼,3906
坳,3907
髅,3908
恪,3909
呤,3910
髁,3911
惋,3912
炯,3913
鑫,3914
厩,3915
枸,3916
桦,3917
轶,3918
麝,3919
迩,3920
哝,3921
嘀,3922
铎,3923
荨,3924
盂,3925
霓,3926
砼,3927
铈,3928
粱,3929
癜,3930
峨,3931
札,3932
酊,3933
挝,3934
骰,3935
叼,3936
缇,3937
珈,3938
骷,3939
猕,3940
啾,3941
怂,3942
俑,3943
磐,3944
茁,3945
讬,3946
醺,3947
芸,3948
蜻,3949
髌,3950
芩,3951
珥,3952
矸,3953
蛹,3954
麸,3955
娥,3956
敝,3957
恬,3958
绯,3959
锗,3960
皑,3961
楠,3962
囤,3963
嗝,3964
髂,3965
狈,3966
莴,3967
榔,3968
殃,3969
藜,3970
踌,3971
躇,3972
莅,3973
驹,3974
锢,3975
阜,3976
腑,3977
鳃,3978
霾,3979
怦,3980
圃,3981
囗,3982
琉,3983
铛,3984
捎,3985
磊,3986
诋,3987
蜓,3988
恿,3989
匕,3990
拎,3991
缮,3992
叩,3993
垛,3994
钯,3995
遛,3996
谧,3997
沁,3998
糯,3999
荼,4000
漪,4001
幌,4002
螯,4003
蝉,4004
﹑,4005
祉,4006
斓,4007
雍,4008
喙,4009
γ,4010
刁,4011
榷,4012
惘,4013
馒,4014
孰,4015
镭,4016
罂,4017
笺,4018
臆,4019
峦,4020
羯,4021
惺,4022
蹂,4023
躏,4024
澎,4025
汝,4026
坤,4027
汛,4028
璀,4029
袅,4030
烩,4031
臻,4032
驿,4033
侃,4034
埠,4035
掸,4036
萼,4037
禧,4038
槐,4039
缰,4040
啜,4041
诬,4042
昙,4043
湮,4044
倪,4045
撩,4046
擒,4047
沓,4048
锹,4049
璨,4050
寰,4051
桉,4052
耘,4053
槌,4054
漉,4055
彝,4056
诣,4057
攫,4058
菁,4059
傀,4060
儡,4061
湄,4062
忒,4063
�,4064
凛,4065
沂,4066
匝,4067
绌,4068
婿,4069
惮,4070
蟒,4071
踉,4072
汩,4073
呋,4074
瘙,4075
吭,4076
蒽,4077
拗,4078
鸵,4079
赡,4080
唷,4081
刍,4082
萜,4083
醌,4084
皈,4085
矣,4086
掳,4087
谕,4088
酣,4089
﹕,4090
菸,4091
麟,4092
蓟,4093
戟,4094
跺,4095
跄,4096
洱,4097
,4098
悸,4099
铋,4100
狒,4101
踊,4102
扪,4103
矾,4104
讪,4105
窿,4106
钵,4107
噎,4108
潍,4109
葆,4110
哉,4111
遁,4112
瑶,4113
晖,4114
阪,4115
蓓,4116
咚,4117
贲,4118
驮,4119
,4120
槲,4121
搽,4122
筵,4123
斡,4124
蜍,4125
蚱,4126
嗖,4127
ㄓ,4128
,4129
鹊,4130
獭,4131
捶,4132
奚,4133
恃,4134
璶,4135
鼬,4136
胛,4137
镓,4138
煅,4139
娄,4140
芮,4141
栀,4142
彦,4143
匍,4144
舀,4145
嘌,4146
嬗,4147
鳕,4148
匐,4149
鹭,4150
铌,4151
彪,4152
讹,4153
琶,4154
蔻,4155
谄,4156
癸,4157
兀,4158
麓,4159
哽,4160
胍,4161
珑,4162
氡,4163
渭,4164
羰,4165
踮,4166
阂,4167
赝,4168
滕,4169
麋,4170
咔,4171
嗣,4172
菅,4173
藩,4174
猥,4175
蜇,4176
韶,4177
蟋,4178
【,4179
睽,4180
骋,4181
匡,4182
撵,4183
绉,4184
殡,4185
镧,4186
鬃,4187
碞,4188
邯,4189
】,4190
壑,4191
涓,4192
忐,4193
剁,4194
楂,4195
褛,4196
噼,4197
粽,4198
虞,4199
闺,4200
忑,4201
ぐ,4202
傢,4203
亘,4204
湃,4205
膺,4206
庚,4207
曦,4208
拄,4209
Τ,4210
篓,4211
锶,4212
锉,4213
铟,4214
黔,4215
蝌,4216
淳,4217
钽,4218
猬,4219
侬,4220
逅,4221
〉,4222
跆,4223
魇,4224
°,4225
褴,4226
娼,4227
惦,4228
蚪,4229
袤,4230
棠,4231
蛰,4232
蟀,4233
為,4234
,4235
酞,4236
蛭,4237
邂,4238
阉,4239
肟,4240
啧,4241
萸,4242
鹫,4243
噗,4244
怅,4245
谟,4246
會,4247
μ,4248
沽,4249
赈,4250
佔,4251
辄,4252
拚,4253
鳟,4254
焓,4255
鹑,4256
祁,4257
裱,4258
蝮,4259
蹊,4260
妩,4261
飕,4262
笵,4263
斌,4264
绥,4265
攥,4266
铑,4267
個,4268
镗,4269
岐,4270
堑,4271
劾,4272
伱,4273
砜,4274
撂,4275
稱,4276
來,4277
,4278
龛,4279
弩,4280
祠,4281
獾,4282
俨,4283
→,4284
珂,4285
撷,4286
蜱,4287
娓,4288
荞,4289
芷,4290
蛆,4291
蚴,4292
氙,4293
掣,4294
哧,4295
,4296
谙,4297
掂,4298
岱,4299
閒,4300
茴,4301
盥,4302
伫,4303
邵,4304
鼹,4305
芍,4306
,4307
傣,4308
咫,4309
隅,4310
佃,4311
摺,4312
酩,4313
蓖,4314
啁,4315
蚌,4316
涮,4317
鹌,4318
陇,4319
茹,4320
碴,4321
粼,4322
垣,4323
牦,4324
芎,4325
掰,4326
邢,4327
汾,4328
踞,4329
沏,4330
螳,4331
惴,4332
羌,4333
襄,4334
恸,4335
滓,4336
矜,4337
幺,4338
浣,4339
铠,4340
坩,4341
雯,4342
藕,4343
榕,4344
侗,4345
阮,4346
镊,4347
霎,4348
炳,4349
喵,4350
ê,4351
穦,4352
郸,4353
鍊,4354
宕,4355
佯,4356
觑,4357
聂,4358
飒,4359
剿,4360
侪,4361
俞,4362
扦,4363
颧,4364
谀,4365
甥,4366
摈,4367
孀,4368
隋,4369
皖,4370
揩,4371
霭,4372
钕,4373
﹒,4374
撅,4375
狞,4376
樊,4377
煲,4378
藿,4379
瞟,4380
谩,4381
镣,4382
吲,4383
迴,4384
榛,4385
皙,4386
說,4387
鲈,4388
痂,4389
浚,4390
叟,4391
垠,4392
蜃,4393
％,4394
犷,4395
钧,4396
剌,4397
迢,4398
绦,4399
臃,4400
嚓,4401
湎,4402
镂,4403
吆,4404
肼,4405
鲎,4406
妾,4407
琦,4408
埚,4409
恣,4410
莨,4411
菪,4412
①,4413
遴,4414
甭,4415
廖,4416
咩,4417
忖,4418
岬,4419
煦,4420
蹴,4421
颏,4422
②,4423
鳖,4424
霖,4425
蜢,4426
罔,4427
郝,4428
樵,4429
葩,4430
眈,4431
氖,4432
漳,4433
贻,4434
朊,4435
栎,4436
淄,4437
鞑,4438
铍,4439
眔,4440
,4441
遨,4442
纭,4443
韭,4444
牒,4445
镐,4446
〈,4447
堇,4448
徨,4449
鳌,4450
鬓,4451
娟,4452
谆,4453
璜,4454
焖,4455
踹,4456
氪,4457
铯,4458
懵,4459
珐,4460
冽,4461
哚,4462
咻,4463
靛,4464
泾,4465
螟,4466
镳,4467
讷,4468
咭,4469
＂,4470
峪,4471
Ⅰ,4472
婢,4473
胬,4474
蓦,4475
檗,4476
龚,4477
嗑,4478
闰,4479
馥,4480
鲟,4481
犸,4482
籁,4483
戾,4484
俾,4485
尹,4486
裴,4487
阎,4488
钇,4489
馋,4490
瓮,4491
蟆,4492
舐,4493
诘,4494
偕,4495
钚,4496
捺,4497
竺,4498
翌,4499
榫,4500
梆,4501
祗,4502
禹,4503
楝,4504
燎,4505
廿,4506
掖,4507
簌,4508
弋,4509
隼,4510
囔,4511
嵴,4512
龌,4513
靼,4514
柞,4515
饯,4516
鲱,4517
恫,4518
跖,4519
椿,4520
涧,4521
抠,4522
擞,4523
荤,4524
龊,4525
嫖,4526
苋,4527
邹,4528
戎,4529
憨,4530
谑,4531
诃,4532
轼,4533
耷,4534
蝽,4535
镦,4536
皓,4537
坂,4538
瘁,4539
嶙,4540
铮,4541
嫦,4542
徉,4543
蜈,4544
钣,4545
蹶,4546
徕,4547
潴,4548
痿,4549
刽,4550
啲,4551
鄱,4552
碉,4553
虻,4554
蚣,4555
坨,4556
擤,4557
,4558
昴,4559
慵,4560
鸢,4561
梏,4562
尧,4563
倩,4564
鑑,4565
匾,4566
拈,4567
徜,4568
苎,4569
巯,4570
搡,4571
璇,4572
桎,4573
刈,4574
唛,4575
蛔,4576
醣,4577
瞠,4578
铒,4579
籼,4580
胭,4581
,4582
孳,4583
偻,4584
镕,4585
铿,4586
沒,4587
峋,4588
^,4589
淙,4590
禺,4591
婀,4592
扈,4593
艮,4594
泸,4595
黍,4596
锵,4597
惆,4598
箕,4599
髻,4600
挎,4601
荃,4602
翟,4603
杳,4604
呷,4605
淅,4606
,4607
捋,4608
蒴,4609
戛,4610
Ⅱ,4611
榭,4612
噱,4613
摁,4614
敖,4615
讣,4616
蛊,4617
巳,4618
儆,4619
衙,4620
氘,4621
哔,4622
骺,4623
隽,4624
鳝,4625
烊,4626
⊿,4627
筁,4628
蹙,4629
璐,4630
挞,4631
呗,4632
绮,4633
蒐,4634
绺,4635
蘖,4636
庶,4637
缥,4638
缈,4639
濮,4640
锲,4641
钜,4642
螫,4643
俸,4644
趸,4645
誊,4646
摞,4647
铉,4648
媛,4649
岑,4650
佝,4651
枇,4652
杷,4653
帛,4654
讫,4655
砺,4656
桓,4657
晌,4658
螈,4659
砝,4660
吖,4661
對,4662
ㄆ,4663
鬣,4664
辕,4665
泯,4666
苓,4667
啕,4668
黜,4669
岚,4670
缛,4671
妍,4672
冢,4673
豺,4674
鹈,4675
褓,4676
蹿,4677
●,4678
,4679
蚝,4680
狰,4681
恻,4682
孑,4683
谔,4684
铱,4685
甬,4686
揶,4687
揄,4688
袄,4689
怔,4690
璧,4691
③,4692
痞,4693
谒,4694
笠,4695
哞,4696
箫,4697
馊,4698
纰,4699
怏,4700
ネ,4701
啷,4702
钌,4703
燧,4704
姣,4705
祇,4706
篆,4707
胥,4708
毓,4709
酉,4710
诿,4711
皎,4712
鲫,4713
莆,4714
蹼,4715
鹕,4716
硐,4717
饕,4718
铤,4719
町,4720
瓯,4721
篪,4722
麒,4723
鲶,4724
荀,4725
燔,4726
雉,4727
暄,4728
浃,4729
鹳,4730
岷,4731
橼,4732
呦,4733
氚,4734
珩,4735
時,4736
焗,4737
莘,4738
烽,4739
裡,4740
杵,4741
芫,4742
蕈,4743
诟,4744
菖,4745
嫣,4746
膘,4747
缬,4748
抿,4749
夙,4750
擀,4751
噤,4752
骁,4753
內,4754
菂,4755
礴,4756
,4757
囿,4758
枭,4759
闆,4760
臊,4761
嵩,4762
庵,4763
佰,4764
觎,4765
槭,4766
寅,4767
裆,4768
玺,4769
嗳,4770
咂,4771
卯,4772
罄,4773
唁,4774
蜊,4775
碲,4776
,4777
,4778
淖,4779
沱,4780
砚,4781
饨,4782
昊,4783
捱,4784
怙,4785
碇,4786
爲,4787
彤,4788
笞,4789
泮,4790
肓,4791
黉,4792
抡,4793
遽,4794
娑,4795
耆,4796
嗥,4797
桀,4798
莠,4799
骐,4800
嘅,4801
宦,4802
鸳,4803
鸯,4804
诳,4805
诶,4806
砥,4807
襁,4808
笙,4809
開,4810
胯,4811
缜,4812
還,4813
羲,4814
粳,4815
｡,4816
壬,4817
涣,4818
癞,4819
闵,4820
馄,4821
沵,4822
鹬,4823
镫,4824
□,4825
觊,4826
倏,4827
荽,4828
‧,4829
滦,4830
噘,4831
褂,4832
诛,4833
,4834
р,4835
餮,4836
蓣,4837
鲢,4838
嘭,4839
玮,4840
翎,4841
怆,4842
蝾,4843
杓,4844
嘁,4845
ㄇ,4846
疭,4847
竒,4848
,4849
掬,4850
泓,4851
俪,4852
诏,4853
韬,4854
诌,4855
祺,4856
糗,4857
咝,4858
觐,4859
箩,4860
鞅,4861
癔,4862
辋,4863
醪,4864
箝,4865
盅,4866
珏,4867
阖,4868
薏,4869
谏,4870
俟,4871
偃,4872
捲,4873
疥,4874
麂,4875
徇,4876
梓,4877
镱,4878
蚧,4879
襞,4880
煨,4881
镌,4882
瘴,4883
蔫,4884
牍,4885
蠹,4886
杈,4887
,4888
圩,4889
菏,4890
嗷,4891
骜,4892
郴,4893
擘,4894
徳,4895
嗬,4896
胼,4897
胝,4898
熹,4899
濡,4900
呸,4901
钬,4902
嗎,4903
,4904
┮,4905
丶,4906
篦,4907
嗔,4908
钍,4909
栉,4910
锏,4911
幡,4912
瞿,4913
現,4914
丞,4915
枳,4916
贰,4917
咿,4918
埂,4919
旌,4920
涐,4921
蠓,4922
蒡,4923
斛,4924
痍,4925
δ,4926
椽,4927
,4928
т,4929
豉,4930
佗,4931
晷,4932
薹,4933
疖,4934
榉,4935
艉,4936
胄,4937
琛,4938
鲕,4939
鲭,4940
诩,4941
痼,4942
腩,4943
洩,4944
仄,4945
楦,4946
炕,4947
陲,4948
萱,4949
悻,4950
谗,4951
咦,4952
種,4953
,4954
,4955
渚,4956
妲,4957
鲆,4958
舜,4959
蜉,4960
鳅,4961
懑,4962
孱,4963
佢,4964
聒,4965
［,4966
壅,4967
衪,4968
忸,4969
颍,4970
俳,4971
鬈,4972
嘹,4973
黠,4974
π,4975
戍,4976
﹖,4977
奂,4978
′,4979
璞,4980
眦,4981
叱,4982
讓,4983
≤,4984
,4985
,4986
铊,4987
赅,4988
鲔,4989
畲,4990
锇,4991
迳,4992
棂,4993
朕,4994
荠,4995
椹,4996
偌,4997
枞,4998
Δ,4999
暹,5000
羿,5001
檫,5002
钗,5003
阄,5004
佻,5005
孺,5006
畦,5007
ǐ,5008
,5009
㎝,5010
忻,5011
诮,5012
锃,5013
诨,5014
霰,5015
鹜,5016
愫,5017
巿,5018
噔,5019
腘,5020
捩,5021
赭,5022
塾,5023
苡,5024
獠,5025
瘿,5026
怩,5027
犄,5028
祜,5029
冇,5030
啻,5031
經,5032
△,5033
蠊,5034
唏,5035
阙,5036
佚,5037
,5038
,5039
钹,5040
滂,5041
■,5042
倌,5043
產,5044
弭,5045
茗,5046
窕,5047
嬴,5048
沭,5049
喏,5050
腴,5051
饷,5052
铷,5053
篾,5054
镬,5055
咣,5056
浒,5057
,5058
,5059
桢,5060
洄,5061
叻,5062
炜,5063
颔,5064
窈,5065
埕,5066
噙,5067
茯,5068
τ,5069
婕,5070
※,5071
觞,5072
郯,5073
馍,5074
蓼,5075
囧,5076
趄,5077
缨,5078
當,5079
啐,5080
Ω,5081
そ,5082
≥,5083
禬,5084
禗,5085
潼,5086
嫡,5087
婺,5088
行,5089
殒,5090
砭,5091
跗,5092
缙,5093
诰,5094
钊,5095
衢,5096
瓿,5097
汊,5098
犰,5099
該,5100
間,5101
變,5102
◎,5103
倭,5104
蛉,5105
挲,5106
龇,5107
旎,5108
ウ,5109
谵,5110
亳,5111
遑,5112
岿,5113
芨,5114
蝣,5115
菟,5116
卞,5117
瓤,5118
舛,5119
獒,5120
掮,5121
溥,5122
壆,5123
麾,5124
槿,5125
胴,5126
缫,5127
瀛,5128
曜,5129
犟,5130
崂,5131
袢,5132
脒,5133
隍,5134
鹞,5135
愠,5136
給,5137
狳,5138
钆,5139
珞,5140
艏,5141
痱,5142
莳,5143
芡,5144
″,5145
垭,5146
請,5147
稔,5148
,5149
,5150
讦,5151
應,5152
铕,5153
蚋,5154
栾,5155
﹗,5156
呎,5157
浜,5158
棣,5159
厝,5160
璋,5161
痧,5162
樽,5163
睇,5164
皋,5165
醯,5166
柢,5167
仃,5168
點,5169
發,5170
卅,5171
剜,5172
哐,5173
娲,5174
魆,5175
柩,5176
蕙,5177
骛,5178
纨,5179
濯,5180
機,5181
皒,5182
螅,5183
媾,5184
犒,5185
玑,5186
绗,5187
嗄,5188
旖,5189
趔,5190
將,5191
叵,5192
嘣,5193
啭,5194
禮,5195
馬,5196
だ,5197
﹚,5198
,5199
,5200
礚,5201
殓,5202
屐,5203
诂,5204
袂,5205
理,5206
擢,5207
剐,5208
糅,5209
蒺,5210
忤,5211
靥,5212
塬,5213
泗,5214
飚,5215
跎,5216
囹,5217
昕,5218
翳,5219
舢,5220
嵊,5221
糨,5222
筘,5223
锺,5224
讴,5225
篙,5226
孬,5227
岫,5228
愛,5229
霏,5230
踽,5231
洙,5232
缢,5233
樣,5234
髭,5235
莜,5236
,5237
〇,5238
眖,5239
﹁,5240
獺,5241
稗,5242
椴,5243
煸,5244
羸,5245
Ⅲ,5246
硪,5247
庖,5248
惇,5249
桠,5250
佤,5251
不,5252
荏,5253
呣,5254
筱,5255
飨,5256
掇,5257
蝰,5258
楹,5259
脍,5260
呓,5261
曩,5262
滁,5263
鸪,5264
衩,5265
結,5266
晟,5267
讧,5268
裟,5269
乜,5270
僭,5271
揿,5272
裥,5273
湟,5274
潸,5275
◇,5276
晏,5277
別,5278
薮,5279
鲵,5280
铧,5281
銮,5282
親,5283
癬,5284
笷,5285
硷,5286
峥,5287
嵘,5288
碁,5289
墒,5290
玳,5291
骠,5292
肄,5293
瑛,5294
唢,5295
鲡,5296
蹉,5297
圄,5298
蟠,5299
蚬,5300
幄,5301
铄,5302
钐,5303
畿,5304
葺,5305
』,5306
鹧,5307
κ,5308
進,5309
劵,5310
髯,5311
铽,5312
鳐,5313
皲,5314
傩,5315
伉,5316
罘,5317
洮,5318
迤,5319
芘,5320
絲,5321
齣,5322
栲,5323
阛,5324
阓,5325
骅,5326
漕,5327
涔,5328
い,5329
㎡,5330
Θ,5331
狦,5332
е,5333
,5334
缦,5335
脘,5336
轫,5337
〝,5338
〞,5339
沅,5340
秕,5341
哋,5342
钪,5343
毽,5344
稷,5345
恁,5346
寮,5347
绶,5348
『,5349
鹂,5350
囵,5351
並,5352
泅,5353
愆,5354
鸬,5355
铪,5356
菀,5357
骈,5358
铡,5359
嫔,5360
鲷,5361
θ,5362
矍,5363
臧,5364
東,5365
菝,5366
葜,5367
確,5368
咁,5369
動,5370
蓊,5371
ρ,5372
話,5373
遯,5374
ぱ,5375
秈,5376
盿,5377
み,5378
,5379
,5380
ぇ,5381
,5382
,5383
槁,5384
掴,5385
楸,5386
谪,5387
④,5388
愎,5389
昱,5390
谲,5391
痨,5392
睨,5393
簪,5394
漯,5395
帶,5396
\,5397
缟,5398
咛,5399
崴,5400
囫,5401
篑,5402
鸨,5403
焘,5404
粲,5405
龃,5406
龉,5407
涪,5408
兖,5409
呲,5410
豇,5411
奘,5412
˙,5413
妪,5414
丕,5415
恹,5416
虺,5417
荻,5418
☆,5419
鲯,5420
,5421
ア,5422
,5423
よ,5424
阡,5425
茛,5426
彀,5427
铼,5428
嗟,5429
筠,5430
馑,5431
旮,5432
悳,5433
茏,5434
汨,5435
侩,5436
帼,5437
窠,5438
笏,5439
敎,5440
魟,5441
襻,5442
冼,5443
蛟,5444
記,5445
靳,5446
丌,5447
袮,5448
忪,5449
∞,5450
骊,5451
祯,5452
罅,5453
鄞,5454
娈,5455
绛,5456
茭,5457
赳,5458
勰,5459
苁,5460
戕,5461
荸,5462
鲇,5463
宥,5464
跶,5465
嵋,5466
獐,5467
從,5468
牝,5469
疳,5470
遠,5471
,5472
ㄤ,5473
ノ,5474
ㄈ,5475
稦,5476
ǎ,5477
翴,5478
狥,5479
砆,5480
,5481
,5482
眞,5483
铩,5484
濑,5485
饴,5486
姹,5487
料,5488
弑,5489
蔺,5490
鼩,5491
盃,5492
闫,5493
陂,5494
貉,5495
旯,5496
燮,5497
峩,5498
溟,5499
鹚,5500
粑,5501
⑤,5502
凇,5503
泔,5504
蛴,5505
锝,5506
怄,5507
淼,5508
逶,5509
飑,5510
鲽,5511
σ,5512
夔,5513
幫,5514
決,5515
暸,5516
椋,5517
傧,5518
碜,5519
睚,5520
亞,5521
殚,5522
覺,5523
詈,5524
仨,5525
瞑,5526
フ,5527
ず,5528
紈,5529
猭,5530
痷,5531
礛,5532
,5533
镝,5534
胨,5535
蹇,5536
颦,5537
嘞,5538
吋,5539
孛,5540
認,5541
舫,5542
苒,5543
笤,5544
宸,5545
弼,5546
燊,5547
褡,5548
瑾,5549
楤,5550
蠡,5551
煳,5552
∕,5553
娣,5554
湜,5555
罟,5556
砻,5557
鲛,5558
艽,5559
號,5560
悌,5561
戌,5562
螬,5563
箨,5564
娆,5565
砣,5566
躅,5567
抻,5568
垅,5569
菘,5570
泠,5571
敕,5572
腧,5573
笈,5574
揖,5575
◆,5576
茚,5577
窸,5578
隹,5579
酢,5580
裝,5581
聽,5582
び,5583
郇,5584
,5585
ゲ,5586
,5587
タ,5588
,5589
┘,5590
,5591
鳏,5592
樨,5593
唰,5594
砟,5595
桤,5596
訴,5597
稃,5598
饬,5599
範,5600
數,5601
僮,5602
１,5603
過,5604
豢,5605
馐,5606
贽,5607
饽,5608
數,5609
锒,5610
­,5611
茕,5612
碣,5613
碚,5614
铢,5615
鸫,5616
埸,5617
绀,5618
氤,5619
氲,5620
嘚,5621
尓,5622
驷,5623
澹,5624
嶂,5625
見,5626
怵,5627
毀,5628
鳙,5629
腙,5630
踯,5631
砒,5632
硌,5633
猡,5634
桧,5635
抟,5636
峇,5637
浠,5638
钋,5639
绫,5640
羅,5641
ㄠ,5642
‰,5643
璸,5644
ó,5645
,5646
,5647
,5648
,5649
ゞ,5650
も,5651
,5652
,5653
é,5654
勸,5655
囟,5656
黒,5657
瑁,5658
丟,5659
狯,5660
泱,5661
鸻,5662
煜,5663
澧,5664
俬,5665
巽,5666
诓,5667
鲼,5668
蛞,5669
蝓,5670
綦,5671
夠,5672
烨,5673
蚶,5674
０,5675
餍,5676
癎,5677
這,5678
邕,5679
鎏,5680
铳,5681
瓴,5682
屌,5683
辇,5684
兩,5685
磡,5686
勐,5687
］,5688
琏,5689
圮,5690
睥,5691
芴,5692
參,5693
黢,5694
碛,5695
侑,5696
獴,5697
Φ,5698
蛄,5699
虬,5700
計,5701
蓁,5702
娌,5703
锕,5704
醴,5705
湫,5706
臾,5707
峒,5708
佘,5709
逡,5710
玡,5711
長,5712
忾,5713
蛐,5714
嗉,5715
赉,5716
辚,5717
﹝,5718
狺,5719
痈,5720
ゑ,5721
,5722
㏑,5723
ō,5724
ゎ,5725
,5726
碭,5727
ゼ,5728
セ,5729
,5730
絋,5731
參,5732
賓,5733
關,5734
喺,5735
戽,5736
莼,5737
蚩,5738
纣,5739
國,5740
垸,5741
咗,5742
鄄,5743
ε,5744
蛱,5745
秣,5746
¸,5747
盱,5748
歡,5749
遒,5750
牯,5751
鸶,5752
臓,5753
亻,5754
踅,5755
硖,5756
奁,5757
闳,5758
λ,5759
倨,5760
逵,5761
剀,5762
耵,5763
聍,5764
谶,5765
兒,5766
卻,5767
跹,5768
豔,5769
稞,5770
艹,5771
赀,5772
郞,5773
觋,5774
辏,5775
攷,5776
鳔,5777
翕,5778
轲,5779
體,5780
２,5781
铙,5782
颉,5783
掼,5784
實,5785
纡,5786
咤,5787
鹄,5788
猞,5789
猁,5790
爿,5791
滹,5792
準,5793
踟,5794
鲠,5795
殇,5796
荜,5797
處,5798
無,5799
玟,5800
秭,5801
訇,5802
呯,5803
凫,5804
窣,5805
鸾,5806
黃,5807
菈,5808
钰,5809
須,5810
,5811
,5812
稰,5813
癘,5814
偈,5815
崧,5816
焯,5817
衞,5818
胂,5819
辔,5820
箬,5821
衲,5822
锍,5823
楮,5824
淞,5825
傈,5826
僳,5827
陉,5828
怼,5829
舂,5830
鲦,5831
甑,5832
撙,5833
褔,5834
牾,5835
∙,5836
丅,5837
毬,5838
柘,5839
懿,5840
溘,5841
帏,5842
玖,5843
馔,5844
醍,5845
赧,5846
@,5847
蹚,5848
㈡,5849
榧,5850
曷,5851
祆,5852
薷,5853
葚,5854
仟,5855
蠃,5856
挈,5857
睪,5858
驽,5859
蝼,5860
邝,5861
莒,5862
４,5863
昰,5864
坻,5865
锨,5866
崆,5867
槠,5868
聿,5869
姘,5870
樂,5871
鲳,5872
褊,5873
撸,5874
懽,5875
滿,5876
蛸,5877
丄,5878
檩,5879
涿,5880
骥,5881
脫,5882
幷,5883
屙,5884
鲂,5885
鸸,5886
鹋,5887
啫,5888
婵,5889
嫫,5890
嗲,5891
阒,5892
嘬,5893
镨,5894
剛,5895
渌,5896
蒌,5897
噌,5898
╱,5899
蛲,5900
芊,5901
剤,5902
弌,5903
殺,5904
圖,5905
,5906
︽,5907
Ч,5908
,5909
,5910
ね,5911
,5912
籔,5913
胊,5914
ㄘ,5915
ㄚ,5916
爾,5917
€,5918
肈,5919
垜,5920
黴,5921
謇,5922
蘩,5923
祐,5924
喑,5925
蝥,5926
岙,5927
闾,5928
嗰,5929
绻,5930
韪,5931
凖,5932
醐,5933
狨,5934
钤,5935
髹,5936
茔,5937
鲀,5938
鳢,5939
蠖,5940
翦,5941
場,5942
Ⅳ,5943
穌,5944
談,5945
杲,5946
榀,5947
豸,5948
蠲,5949
報,5950
褫,5951
嚒,5952
屄,5953
蝈,5954
５,5955
藁,5956
類,5957
祚,5958
倜,5959
電,5960
晗,5961
鄯,5962
対,5963
镛,5964
粿,5965
興,5966
眇,5967
葶,5968
発,5969
浔,5970
笫,5971
ω,5972
撺,5973
炀,5974
铗,5975
潲,5976
妯,5977
醅,5978
宓,5979
剘,5980
蹰,5981
蒯,5982
苫,5983
镞,5984
镲,5985
離,5986
戗,5987
濠,5988
搋,5989
佟,5990
喁,5991
χ,5992
汆,5993
沬,5994
囡,5995
陽,5996
さ,5997
,5998
ㄏ,5999
睲,6000
ъ,6001
┰,6002
,6003
Α,6004
╯,6005
,6006
は,6007
糴,6008
,6009
,6010
纉,6011
﹞,6012
ü,6013
,6014
葭,6015
阆,6016
铨,6017
論,6018
琊,6019
尕,6020
柽,6021
逹,6022
竽,6023
樾,6024
凼,6025
镎,6026
蠔,6027
琍,6028
錯,6029
嵇,6030
畛,6031
稜,6032
嬛,6033
堞,6034
吥,6035
沆,6036
郧,6037
珲,6038
許,6039
卝,6040
丨,6041
疒,6042
歆,6043
»,6044
髑,6045
與,6046
學,6047
√,6048
莶,6049
年,6050
袪,6051
袈,6052
伛,6053
蒎,6054
箧,6055
汴,6056
書,6057
義,6058
員,6059
龅,6060
阕,6061
邡,6062
堀,6063
鲲,6064
鹪,6065
鹩,6066
窨,6067
昉,6068
膑,6069
皴,6070
傥,6071
聩,6072
涞,6073
嫒,6074
舾,6075
鳜,6076
悒,6077
蝻,6078
坭,6079
唿,6080
佞,6081
聯,6082
⑥,6083
膻,6084
瞋,6085
関,6086
＇,6087
狲,6088
璁,6089
裾,6090
桕,6091
柰,6092
菫,6093
椐,6094
啝,6095
僖,6096
柁,6097
吔,6098
褚,6099
衄,6100
菔,6101
吒,6102
鉨,6103
孓,6104
溏,6105
妁,6106
绔,6107
拋,6108
涠,6109
哂,6110
鳊,6111
瓒,6112
減,6113
猷,6114
轱,6115
薜,6116
喟,6117
識,6118
玆,6119
滟,6120
à,6121
欸,6122
橹,6123
,6124
,6125
罙,6126
ゴ,6127
,6128
,6129
,6130
橫,6131
狟,6132
,6133
硄,6134
ダ,6135
,6136
,6137
,6138
,6139
,6140
ユ,6141
┈,6142
て,6143
,6144
デ,6145
瞶,6146
ら,6147
,6148
繧,6149
,6150
,6151
の,6152
備,6153
,6154
訏,6155
復,6156
帙,6157
虛,6158
陟,6159
诎,6160
邬,6161
驸,6162
來,6163
臌,6164
箇,6165
潞,6166
姝,6167
路,6168
炷,6169
啵,6170
枥,6171
鲅,6172
娉,6173
＞,6174
缱,6175
浈,6176
了,6177
揆,6178
鹮,6179
眙,6180
圜,6181
瀣,6182
Ａ,6183
邳,6184
覃,6185
酽,6186
鲮,6187
埰,6188
檢,6189
砀,6190
潟,6191
槎,6192
糍,6193
箸,6194
顸,6195
豨,6196
啖,6197
蠼,6198
螋,6199
俦,6200
條,6201
訾,6202
業,6203
導,6204
㈢,6205
鐘,6206
僦,6207
衽,6208
琇,6209
灏,6210
錾,6211
疃,6212
嚯,6213
癿,6214
﹔,6215
猗,6216
嵬,6217
綫,6218
钸,6219
呑,6220
〜,6221
捭,6222
鳀,6223
φ,6224
歷,6225
丆,6226
伧,6227
伲,6228
柒,6229
喆,6230
氣,6231
噁,6232
苚,6233
焐,6234
疴,6235
颀,6236
壓,6237
苊,6238
猢,6239
鼋,6240
灞,6241
蓠,6242
枱,6243
谰,6244
黧,6245
環,6246
胤,6247
辦,6248
菰,6249
鹘,6250
列,6251
暝,6252
郢,6253
護,6254
刎,6255
巉,6256
穑,6257
朐,6258
糸,6259
玥,6260
氐,6261
懋,6262
塗,6263
珙,6264
衿,6265
昶,6266
蔟,6267
缧,6268
晞,6269
憷,6270
耧,6271
霁,6272
搦,6273
蛏,6274
橛,6275
閉,6276
冊,6277
芑,6278
,6279
鸩,6280
県,6281
馗,6282
奧,6283
呶,6284
捌,6285
熱,6286
苺,6287
,6288
簀,6289
,6290
筿,6291
パ,6292
,6293
盢,6294
ヴ,6295
,6296
秖,6297
礶,6298
,6299
眏,6300
,6301
┪,6302
玂,6303
,6304
,6305
,6306
誰,6307
願,6308
垌,6309
る,6310
傑,6311
玱,6312
á,6313
,6314
嗫,6315
,6316
碿,6317
鐨,6318
況,6319
蒹,6320
蓍,6321
溼,6322
饣,6323
镡,6324
耨,6325
悛,6326
魉,6327
糁,6328
觥,6329
度,6330
蚵,6331
艿,6332
樯,6333
鼢,6334
筦,6335
郫,6336
鳎,6337
钿,6338
畀,6339
鸷,6340
黩,6341
悭,6342
３,6343
秂,6344
Ⅴ,6345
扞,6346
更,6347
㈤,6348
旃,6349
輪,6350
骞,6351
荩,6352
鼱,6353
岜,6354
镏,6355
驗,6356
俰,6357
苕,6358
痾,6359
洌,6360
趵,6361
跣,6362
疔,6363
镙,6364
佶,6365
㈠,6366
滗,6367
餸,6368
炱,6369
阗,6370
煊,6371
耒,6372
笩,6373
煺,6374
留,6375
槓,6376
Ｘ,6377
柺,6378
滙,6379
邺,6380
＝,6381
铖,6382
師,6383
鲃,6384
醮,6385
枘,6386
燠,6387
摰,6388
逺,6389
竜,6390
圬,6391
粝,6392
,6393
畚,6394
廻,6395
缁,6396
⑴,6397
晔,6398
産,6399
仝,6400
疠,6401
嘤,6402
犤,6403
犦,6404
鲣,6405
淩,6406
埭,6407
阚,6408
問,6409
琨,6410
抺,6411
隨,6412
芏,6413
溧,6414
籴,6415
兂,6416
禫,6417
㈣,6418
洇,6419
绐,6420
榖,6421
宮,6422
搠,6423
鸮,6424
珉,6425
伹,6426
亍,6427
砵,6428
蠵,6429
鸱,6430
衝,6431
氵,6432
荦,6433
殁,6434
虢,6435
沤,6436
甪,6437
權,6438
哏,6439
碡,6440
異,6441
喥,6442
耄,6443
風,6444
悱,6445
獻,6446
杧,6447
金,6448
箐,6449
僟,6450
犍,6451
⊙,6452
伥,6453
鳉,6454
孖,6455
蜣,6456
邰,6457
蒻,6458
壞,6459
Γ,6460
萬,6461
锾,6462
檄,6463
玓,6464
罡,6465
嚟,6466
鏖,6467
逦,6468
砦,6469
淝,6470
橐,6471
怍,6472
選,6473
郦,6474
茇,6475
浼,6476
買,6477
藨,6478
扌,6479
椁,6480
梣,6481
語,6482
埝,6483
睒,6484
險,6485
濂,6486
惪,6487
轉,6488
滏,6489
芟,6490
噐,6491
媞,6492
蓑,6493
阋,6494
袗,6495
臫,6496
岘,6497
绡,6498
兲,6499
劬,6500
濛,6501
锪,6502
旄,6503
溫,6504
赓,6505
嵛,6506
俎,6507
,6508
試,6509
釴,6510
,6511
瑿,6512
,6513
,6514
硑,6515
獀,6516
,6517
╃,6518
ヘ,6519
ň,6520
┤,6521
こ,6522
,6523
ル,6524
ㄧ,6525
,6526
艶,6527
,6528
鎴,6529
,6530
猵,6531
╰,6532
欻,6533
嚅,6534
萋,6535
ま,6536
,6537
盡,6538
┆,6539
э,6540
━,6541
賣,6542
,6543
Σ,6544
藝,6545
魑,6546
庾,6547
淠,6548
跬,6549
邗,6550
冖,6551
玢,6552
晩,6553
Ψ,6554
搌,6555
殄,6556
梿,6557
溱,6558
伢,6559
立,6560
適,6561
＜,6562
砑,6563
領,6564
塄,6565
驣,6566
泫,6567
甯,6568
芗,6569
⑦,6570
佷,6571
鲹,6572
鲐,6573
舭,6574
庥,6575
澍,6576
製,6577
哓,6578
阊,6579
仞,6580
瑄,6581
負,6582
璟,6583
絔,6584
氾,6585
仳,6586
莰,6587
牴,6588
桫,6589
椤,6590
例,6591
菡,6592
簋,6593
藷,6594
觚,6595
終,6596
達,6597
瓠,6598
狎,6599
骟,6600
唳,6601
厗,6602
葎,6603
镘,6604
槃,6605
嵗,6606
嬑,6607
劃,6608
裏,6609
徬,6610
說,6611
㈥,6612
統,6613
颃,6614
晁,6615
钏,6616
钔,6617
曈,6618
狍,6619
豕,6620
題,6621
鏻,6622
筚,6623
歙,6624
量,6625
郅,6626
嗾,6627
蚺,6628
嚰,6629
聼,6630
舯,6631
瘰,6632
邊,6633
劢,6634
髙,6635
螚,6636
蛳,6637
箅,6638
＿,6639
兎,6640
婧,6641
ˉ,6642
Ｐ,6643
谮,6644
圪,6645
鬟,6646
螽,6647
尢,6648
亽,6649
專,6650
眍,6651
蕞,6652
韨,6653
蓐,6654
炝,6655
毘,6656
利,6657
鞯,6658
連,6659
恏,6660
係,6661
髀,6662
嗙,6663
蔸,6664
逋,6665
哕,6666
锎,6667
挹,6668
毖,6669
浐,6670
峤,6671
尅,6672
箪,6673
衖,6674
飯,6675
扃,6676
聯,6677
恚,6678
芾,6679
糌,6680
轹,6681
蹁,6682
​,6683
俉,6684
聲,6685
熘,6686
蟛,6687
薩,6688
辎,6689
錢,6690
脔,6691
鋈,6692
硗,6693
磬,6694
幛,6695
寤,6696
嫲,6697
§,6698
遈,6699
苤,6700
呔,6701
堿,6702
獎,6703
寫,6704
逖,6705
椇,6706
吢,6707
帑,6708
麇,6709
琮,6710
薤,6711
嗵,6712
恽,6713
啟,6714
舸,6715
蟮,6716
測,6717
饫,6718
歲,6719
値,6720
綼,6721
盞,6722
≠,6723
︹,6724
,6725
き,6726
籣,6727
禲,6728
,6729
癵,6730
к,6731
ぶ,6732
,6733
笲,6734
ē,6735
畉,6736
瑈,6737
,6738
,6739
畍,6740
纐,6741
┏,6742
繷,6743
ㄢ,6744
穝,6745
痙,6746
輕,6747
,6748
車,6749
砘,6750
舧,6751
,6752
,6753
ド,6754
η,6755
,6756
飛,6757
邈,6758
臸,6759
,6760
﹀,6761
ン,6762
蔴,6763
,6764
,6765
戲,6766
,6767
镴,6768
瘉,6769
糵,6770
狶,6771
戶,6772
迨,6773
＄,6774
勫,6775
鎯,6776
稲,6777
癳,6778
爐,6779
粅,6780
搛,6781
╆,6782
節,6783
約,6784
隊,6785
¤,6786
魈,6787
憶,6788
姒,6789
戝,6790
╂,6791
殽,6792
寘,6793
蕹,6794
υ,6795
,6796
蔹,6797
荬,6798
痳,6799
肫,6800
洵,6801
塍,6802
誃,6803
蓥,6804
臬,6805
鎚,6806
聃,6807
廔,6808
剎,6809
羙,6810
髎,6811
羣,6812
毳,6813
萁,6814
塲,6815
鼐,6816
輭,6817
頭,6818
枵,6819
秾,6820
腍,6821
崄,6822
鞥,6823
痲,6824
嫚,6825
増,6826
梠,6827
刋,6828
俣,6829
力,6830
舨,6831
錄,6832
邙,6833
齉,6834
謢,6835
繇,6836
橦,6837
橥,6838
屍,6839
女,6840
荇,6841
斷,6842
昝,6843
聱,6844
闱,6845
笕,6846
墻,6847
玎,6848
蕤,6849
鼷,6850
漶,6851
犛,6852
稹,6853
颡,6854
務,6855
媽,6856
棼,6857
郓,6858
７,6859
菹,6860
溲,6861
籲,6862
資,6863
纇,6864
鹇,6865
貔,6866
琬,6867
臨,6868
卐,6869
論,6870
脣,6871
踺,6872
雠,6873
暌,6874
紅,6875
廚,6876
葰,6877
¨,6878
圞,6879
顧,6880
撚,6881
爻,6882
廢,6883
圹,6884
８,6885
阇,6886
帯,6887
唼,6888
噫,6889
璺,6890
蕲,6891
芃,6892
铥,6893
討,6894
挐,6895
螵,6896
夼,6897
９,6898
乊,6899
溞,6900
泺,6901
Ｒ,6902
昀,6903
率,6904
纥,6905
卮,6906
鎳,6907
譜,6908
蓇,6909
葖,6910
夂,6911
圉,6912
洫,6913
镅,6914
欤,6915
濞,6916
峁,6917
刿,6918
荥,6919
趑,6920
囬,6921
殍,6922
氅,6923
夲,6924
蒥,6925
庠,6926
苘,6927
癯,6928
醑,6929
轳,6930
鰕,6931
缐,6932
廪,6933
蓋,6934
萩,6935
６,6936
趼,6937
劑,6938
耋,6939
肏,6940
衾,6941
緊,6942
Ｆ,6943
庅,6944
仡,6945
凃,6946
,6947
卍,6948
妣,6949
鸲,6950
扺,6951
赜,6952
狀,6953
廛,6954
切,6955
谯,6956
崁,6957
嗌,6958
蒟,6959
渼,6960
墉,6961
鮟,6962
鱇,6963
棄,6964
葳,6965
Ⅷ,6966
貘,6967
華,6968
坶,6969
擧,6970
鳇,6971
怛,6972
锱,6973
玍,6974
棰,6975
斲,6976
崮,6977
媪,6978
経,6979
済,6980
豿,6981
偱,6982
濬,6983
Ⅶ,6984
蕺,6985
厼,6986
識,6987
▪,6988
瘐,6989
砞,6990
纛,6991
蕻,6992
醫,6993
篼,6994
诤,6995
桴,6996
恴,6997
矬,6998
縻,6999
钅,7000
裢,7001
栝,7002
鲻,7003
衮,7004
槔,7005
劭,7006
,7007
筌,7008
玠,7009
锴,7010
桝,7011
锬,7012
歩,7013
璘,7014
喈,7015
杌,7016
跐,7017
茍,7018
渓,7019
項,7020
畑,7021
強,7022
茼,7023
诒,7024
胩,7025
阍,7026
锟,7027
璎,7028
鲧,7029
總,7030
貍,7031
筲,7032
門,7033
⑵,7034
馕,7035
蜮,7036
骹,7037
鄢,7038
瞓,7039
踫,7040
鲩,7041
簡,7042
膂,7043
墬,7044
炻,7045
弁,7046
陰,7047
黟,7048
∑,7049
據,7050
辷,7051
鹐,7052
細,7053
镔,7054
觇,7055
眬,7056
跩,7057
樓,7058
,7059
,7060
,7061
舄,7062
谥,7063
蔯,7064
綝,7065
簍,7066
,7067
,7068
穞,7069
甶,7070
,7071
矹,7072
ォ,7073
┋,7074
,7075
ほ,7076
┣,7077
矪,7078
穎,7079
︺,7080
ブ,7081
硉,7082
糷,7083
閃,7084
,7085
,7086
慶,7087
Ы,7088
篈,7089
,7090
,7091
禿,7092
璓,7093
,7094
,7095
,7096
擁,7097
溇,7098
,7099
竧,7100
珿,7101
ㄊ,7102
ひ,7103
瀹,7104
埌,7105
鑞,7106
痁,7107
氽,7108
,7109
绲,7110
獹,7111
,7112
槍,7113
﹊,7114
サ,7115
,7116
﹙,7117
,7118
竚,7119
篖,7120
琁,7121
に,7122
甁,7123
璚,7124
琂,7125
腚,7126
,7127
誏,7128
皘,7129
,7130
,7131
乩,7132
戀,7133
ヾ,7134
,7135
絬,7136
慣,7137
,7138
滾,7139
煩,7140
欎,7141
,7142
綘,7143
湪,7144
繖,7145
鐪,7146
費,7147
ā,7148
瘌,7149
,7150
竡,7151
幹,7152
眤,7153
噍,7154
羘,7155
皊,7156
,7157
↑,7158
牆,7159
,7160
,7161
責,7162
砃,7163
夢,7164
捯,7165
簆,7166
幾,7167
趕,7168
炆,7169
琩,7170
磙,7171
蝲,7172
腦,7173
隳,7174
綇,7175
愰,7176
苴,7177
汔,7178
岣,7179
稂,7180
钫,7181
℉,7182
鏉,7183
鍒,7184
,7185
褰,7186
ュ,7187
蠋,7188
籐,7189
岈,7190
憍,7191
讠,7192
欄,7193
珵,7194
魍,7195
嫘,7196
婦,7197
質,7198
簾,7199
鼙,7200
苝,7201
苌,7202
磴,7203
迺,7204
颢,7205
谡,7206
♥,7207
玦,7208
羑,7209
⑧,7210
⑨,7211
笳,7212
虓,7213
揾,7214
刂,7215
琰,7216
−,7217
囦,7218
惢,7219
袴,7220
谂,7221
Ｍ,7222
Ｃ,7223
棓,7224
窳,7225
垤,7226
趺,7227
郄,7228
溆,7229
輪,7230
崤,7231
眾,7232
郜,7233
歴,7234
窭,7235
繫,7236
嬭,7237
際,7238
戰,7239
索,7240
薆,7241
￥,7242
瑗,7243
鲏,7244
忓,7245
寧,7246
狻,7247
猊,7248
杩,7249
薱,7250
謊,7251
蘇,7252
龍,7253
Ⅹ,7254
雒,7255
埘,7256
療,7257
藋,7258
祧,7259
湯,7260
見,7261
林,7262
雖,7263
桷,7264
甕,7265
檯,7266
＋,7267
殳,7268
亊,7269
檵,7270
仫,7271
濹,7272
瘗,7273
蟊,7274
玕,7275
杛,7276
廠,7277
裡,7278
沔,7279
垡,7280
Ｕ,7281
貅,7282
樂,7283
酡,7284
缒,7285
邛,7286
崃,7287
儍,7288
窎,7289
埴,7290
⒆,7291
蘗,7292
髮,7293
垳,7294
頫,7295
屺,7296
鈇,7297
禔,7298
帀,7299
靈,7300
癚,7301
臁,7302
葇,7303
瞣,7304
単,7305
撃,7306
珅,7307
⑹,7308
啓,7309
敍,7310
遺,7311
連,7312
搆,7313
谝,7314
旰,7315
佥,7316
蘼,7317
炅,7318
狀,7319
苧,7320
講,7321
楽,7322
觏,7323
⑷,7324
鹟,7325
屦,7326
碦,7327
鲚,7328
鳆,7329
颟,7330
儋,7331
鋅,7332
銅,7333
尒,7334
偅,7335
匦,7336
爨,7337
氺,7338
粧,7339
鎓,7340
蝨,7341
鱆,7342
採,7343
牐,7344
慊,7345
剋,7346
緾,7347
袓,7348
懼,7349
尌,7350
⒁,7351
枓,7352
栱,7353
緣,7354
旅,7355
椼,7356
嫱,7357
斱,7358
搧,7359
逑,7360
蹓,7361
嘦,7362
廍,7363
亓,7364
倮,7365
捄,7366
楫,7367
褦,7368
楖,7369
冏,7370
苾,7371
擆,7372
钲,7373
扙,7374
鹀,7375
匚,7376
張,7377
瘔,7378
Ｌ,7379
堋,7380
缏,7381
菉,7382
捨,7383
預,7384
赆,7385
彘,7386
侢,7387
,7388
鉆,7389
淂,7390
恆,7391
祼,7392
漥,7393
念,7394
郈,7395
諥,7396
噹,7397
鮰,7398
伋,7399
豋,7400
辶,7401
皞,7402
洳,7403
旣,7404
洹,7405
餅,7406
襦,7407
蹵,7408
湧,7409
処,7410
袷,7411
堅,7412
竊,7413
薳,7414
稓,7415
傘,7416
柝,7417
翺,7418
簟,7419
苈,7420
琚,7421
镟,7422
硇,7423
兩,7424
灐,7425
碏,7426
吿,7427
谌,7428
绨,7429
線,7430
蛝,7431
扥,7432
脝,7433
氹,7434
瑷,7435
疋,7436
㈩,7437
寳,7438
牻,7439
谫,7440
註,7441
満,7442
抯,7443
罴,7444
歷,7445
剡,7446
簕,7447
犭,7448
萳,7449
藍,7450
藠,7451
調,7452
醢,7453
氷,7454
梃,7455
殛,7456
魃,7457
谠,7458
託,7459
沣,7460
儅,7461
棗,7462
鏡,7463
Ｓ,7464
垚,7465
茲,7466
鈎,7467
┐,7468
郾,7469
蜞,7470
礐,7471
Ｅ,7472
豊,7473
髫,7474
規,7475
朓,7476
溡,7477
糬,7478
｀,7479
儸,7480
蟥,7481
縮,7482
略,7483
凾,7484
炤,7485
鍪,7486
缍,7487
►,7488
榅,7489
掽,7490
彿,7491
拉,7492
乂,7493
郿,7494
趿,7495
廇,7496
絪,7497
缊,7498
喓,7499
練,7500
潋,7501
醡,7502
埜,7503
曵,7504
嘢,7505
渻,7506
轾,7507
怫,7508
菥,7509
旒,7510
降,7511
Ｂ,7512
儗,7513
痃,7514
圵,7515
捥,7516
塡,7517
菿,7518
偸,7519
杼,7520
緈,7521
巇,7522
筆,7523
羭,7524
玙,7525
垓,7526
騙,7527
閙,7528
燿,7529
屜,7530
擇,7531
蘧,7532
々,7533
靜,7534
兿,7535
茺,7536
牤,7537
毎,7538
舊,7539
忭,7540
蔘,7541
疐,7542
妫,7543
莩,7544
顼,7545
,7546
剝,7547
颥,7548
､,7549
篏,7550
扖,7551
創,7552
骝,7553
彆,7554
謝,7555
囉,7556
宄,7557
丗,7558
謦,7559
貓,7560
缃,7561
釋,7562
鐶,7563
Λ,7564
諾,7565
單,7566
苶,7567
仵,7568
丿,7569
酃,7570
挢,7571
庳,7572
淦,7573
儘,7574
赱,7575
曛,7576
蠱,7577
睢,7578
燹,7579
,7580
,7581
笹,7582
㎜,7583
浬,7584
稅,7585
,7586
瘊,7587
倢,7588
縡,7589
嶢,7590
絏,7591
,7592
ш,7593
,7594
Μ,7595
▲,7596
↖,7597
,7598
糒,7599
┷,7600
,7601
,7602
礢,7603
璽,7604
で,7605
,7606
,7607
硏,7608
,7609
琎,7610
┦,7611
,7612
ッ,7613
,7614
Κ,7615
,7616
熳,7617
遙,7618
鄉,7619
爍,7620
猶,7621
㏄,7622
Ν,7623
珺,7624
遜,7625
賠,7626
證,7627
妝,7628
徼,7629
腨,7630
ㄌ,7631
獶,7632
綞,7633
頓,7634
樹,7635
薅,7636
級,7637
彡,7638
忳,7639
惸,7640
耑,7641
‥,7642
エ,7643
,7644
傷,7645
蠛,7646
櫥,7647
攝,7648
続,7649
籈,7650
跡,7651
鐵,7652
腇,7653
,7654
∈,7655
羀,7656
潛,7657
戜,7658
睜,7659
鸹,7660
縢,7661
辵,7662
,7663
呖,7664
砏,7665
砯,7666
┎,7667
齑,7668
議,7669
職,7670
戯,7671
澌,7672
掱,7673
尻,7674
徹,7675
す,7676
く,7677
り,7678
ん,7679
蹐,7680
闶,7681
艄,7682
勳,7683
缡,7684
С,7685
勖,7686
∧,7687
,7688
,7689
れ,7690
禜,7691
紀,7692
╟,7693
,7694
嗐,7695
,7696
,7697
,7698
,7699
,7700
,7701
,7702
紇,7703
羨,7704
粂,7705
沲,7706
視,7707
,7708
芄,7709
苐,7710
犳,7711
槸,7712
歎,7713
劧,7714
鏈,7715
,7716
湅,7717
潵,7718
鍋,7719
殑,7720
コ,7721
,7722
續,7723
ψ,7724
,7725
爛,7726
繦,7727
瓁,7728
ボ,7729
瞽,7730
癡,7731
絤,7732
爭,7733
,7734
敗,7735
勝,7736
揎,7737
腽,7738
肭,7739
,7740
耞,7741
僅,7742
舦,7743
戋,7744
,7745
ざ,7746
,7747
∷,7748
,7749
м,7750
,7751
,7752
鳡,7753
,7754
萊,7755
鍜,7756
屽,7757
,7758
鐜,7759
,7760
ㄥ,7761
ェ,7762
詴,7763
,7764
擊,7765
伈,7766
緄,7767
琿,7768
檎,7769
═,7770
,7771
踬,7772
喚,7773
犏,7774
壸,7775
漈,7776
,7777
緍,7778
,7779
跽,7780
笿,7781
瘜,7782
↓,7783
難,7784
棹,7785
堙,7786
滢,7787
涼,7788
卣,7789
媄,7790
庑,7791
呫,7792
髒,7793
團,7794
臜,7795
閱,7796
貴,7797
仺,7798
ㄎ,7799
垟,7800
麈,7801
蹀,7802
帔,7803
鲥,7804
,7805
狷,7806
堍,7807
鵟,7808
偲,7809
喎,7810
擠,7811
薁,7812
笥,7813
賽,7814
聞,7815
養,7816
蚍,7817
鲾,7818
痦,7819
岀,7820
秙,7821
绾,7822
舉,7823
纒,7824
幪,7825
逄,7826
樻,7827
笮,7828
咴,7829
│,7830
洖,7831
鏂,7832
鑷,7833
屾,7834
椂,7835
彲,7836
,7837
撴,7838
鍑,7839
幓,7840
閭,7841
ｅ,7842
嶄,7843
鐗,7844
悗,7845
鎻,7846
鎵,7847
棶,7848
迖,7849
嵖,7850
徂,7851
鹗,7852
衊,7853
殺,7854
咲,7855
恠,7856
鲞,7857
拶,7858
鎝,7859
鬅,7860
窬,7861
襾,7862
抔,7863
赕,7864
鋤,7865
繡,7866
峜,7867
傆,7868
淉,7869
僐,7870
儝,7871
垵,7872
簏,7873
掤,7874
孭,7875
＊,7876
臨,7877
炁,7878
脩,7879
蹏,7880
摭,7881
辂,7882
叚,7883
｜,7884
浞,7885
偺,7886
餧,7887
濾,7888
錄,7889
蘋,7890
鬦,7891
徧,7892
謴,7893
嫝,7894
団,7895
獍,7896
六,7897
莛,7898
広,7899
豳,7900
勼,7901
搟,7902
煉,7903
驟,7904
累,7905
籓,7906
撝,7907
夀,7908
篛,7909
讚,7910
屲,7911
炡,7912
椨,7913
亾,7914
篢,7915
莙,7916
鸰,7917
滉,7918
翥,7919
㈦,7920
刳,7921
観,7922
厠,7923
樗,7924
紬,7925
露,7926
綠,7927
錶,7928
譯,7929
頒,7930
佈,7931
匯,7932
獸,7933
頂,7934
屇,7935
棅,7936
痬,7937
㈧,7938
⒔,7939
琹,7940
砙,7941
帱,7942
黥,7943
坌,7944
檔,7945
虼,7946
ñ,7947
祙,7948
樓,7949
遶,7950
鹛,7951
鲉,7952
弶,7953
誘,7954
揞,7955
媖,7956
霈,7957
徥,7958
Ƅ,7959
誂,7960
棈,7961
纎,7962
㎏,7963
舣,7964
«,7965
⒚,7966
農,7967
ｖ,7968
鹎,7969
裉,7970
¡,7971
锘,7972
睃,7973
鳯,7974
厶,7975
罣,7976
鞴,7977
蜾,7978
餘,7979
芰,7980
蓰,7981
枰,7982
寬,7983
韾,7984
珽,7985
寛,7986
悃,7987
⒛,7988
蔔,7989
箜,7990
埳,7991
櫵,7992
麗,7993
栒,7994
揠,7995
郛,7996
懃,7997
櫈,7998
詞,7999
妎,8000
柃,8001
蝃,8002
蝀,8003
焢,8004
鱀,8005
赗,8006
赙,8007
橞,8008
朲,8009
流,8010
鲿,8011
訂,8012
実,8013
愍,8014
鹁,8015
腠,8016
懷,8017
穏,8018
尪,8019
軍,8020
艦,8021
區,8022
悅,8023
陬,8024
⑶,8025
Ｎ,8026
哢,8027
鷟,8028
牎,8029
邠,8030
啞,8031
,8032
鈡,8033
粵,8034
盍,8035
倫,8036
氎,8037
仸,8038
歒,8039
縂,8040
澫,8041
芣,8042
婹,8043
钘,8044
涊,8045
猓,8046
鲗,8047
埤,8048
祕,8049
凙,8050
臵,8051
撖,8052
櫽,8053
昐,8054
凅,8055
冮,8056
嚥,8057
坲,8058
Ｉ,8059
莈,8060
鮀,8061
朮,8062
儛,8063
帨,8064
尨,8065
氕,8066
迻,8067
釬,8068
滳,8069
顂,8070
酲,8071
犠,8072
俧,8073
臟,8074
崦,8075
鋼,8076
朙,8077
辥,8078
魽,8079
咃,8080
ô,8081
詪,8082
絜,8083
脎,8084
藥,8085
倆,8086
効,8087
祤,8088
若,8089
洺,8090
彵,8091
,8092
鲊,8093
誩,8094
蛘,8095
荾,8096
鈛,8097
煑,8098
奍,8099
賿,8100
佪,8101
浉,8102
暾,8103
餾,8104
茌,8105
懭,8106
勅,8107
墊,8108
麵,8109
齰,8110
練,8111
臯,8112
剅,8113
術,8114
緑,8115
斫,8116
様,8117
芠,8118
锫,8119
邨,8120
苆,8121
灬,8122
鳋,8123
徦,8124
臥,8125
褀,8126
堠,8127
囄,8128
峕,8129
麿,8130
癍,8131
寔,8132
釆,8133
癀,8134
枧,8135
恂,8136
饧,8137
囯,8138
刺,8139
胗,8140
翮,8141
貭,8142
葙,8143
睟,8144
梮,8145
锷,8146
証,8147
陔,8148
螭,8149
換,8150
蓡,8151
絞,8152
蕰,8153
燉,8154
｛,8155
宧,8156
顝,8157
弪,8158
篜,8159
倻,8160
嘍,8161
撧,8162
琯,8163
⒖,8164
甦,8165
揀,8166
骧,8167
禆,8168
垧,8169
礎,8170
萏,8171
隰,8172
刓,8173
枛,8174
幠,8175
枴,8176
遌,8177
岕,8178
ǔ,8179
濉,8180
⋯,8181
慆,8182
肒,8183
鱫,8184
葽,8185
鍵,8186
倰,8187
垴,8188
諾,8189
類,8190
嵫,8191
丵,8192
斨,8193
ð,8194
⑸,8195
Ｈ,8196
痠,8197
坼,8198
蒗,8199
昫,8200
彊,8201
絡,8202
徔,8203
偁,8204
畤,8205
焠,8206
鹼,8207
銀,8208
僕,8209
拓,8210
飯,8211
,8212
檑,8213
▽,8214
澗,8215
黻,8216
榱,8217
僾,8218
昿,8219
榶,8220
菧,8221
⒀,8222
餗,8223
俿,8224
曬,8225
＃,8226
都,8227
蠎,8228
嶋,8229
颴,8230
喲,8231
雩,8232
滬,8233
抷,8234
顗,8235
镢,8236
佮,8237
怹,8238
觫,8239
Ｔ,8240
笰,8241
埼,8242
鼗,8243
顆,8244
併,8245
鰳,8246
什,8247
馭,8248
瘃,8249
楜,8250
籠,8251
霧,8252
便,8253
弄,8254
浫,8255
療,8256
鼟,8257
喴,8258
Ｄ,8259
ζ,8260
尐,8261
,8262
鮨,8263
Ｏ,8264
礻,8265
鞌,8266
湑,8267
宊,8268
老,8269
舁,8270
龍,8271
怑,8272
镥,8273
莂,8274
軟,8275
毪,8276
恗,8277
易,8278
薊,8279
禳,8280
複,8281
北,8282
詋,8283
ˌ,8284
髣,8285
淵,8286
驚,8287
繙,8288
儙,8289
懮,8290
鍊,8291
匼,8292
訚,8293
勲,8294
禍,8295
跸,8296
溝,8297
缶,8298
峟,8299
氄,8300
湲,8301
曽,8302
呺,8303
ｓ,8304
ｌ,8305
荍,8306
棸,8307
紾,8308
颱,8309
燐,8310
瓘,8311
攺,8312
頁,8313
彈,8314
勦,8315
娭,8316
ⅰ,8317
蓂,8318
,8319
崀,8320
憑,8321
胲,8322
瞍,8323
铇,8324
亇,8325
褲,8326
渖,8327
綯,8328
弇,8329
Ｖ,8330
觌,8331
盁,8332
綮,8333
祔,8334
佭,8335
鉻,8336
桲,8337
椚,8338
鸊,8339
鷉,8340
運,8341
階,8342
冭,8343
隻,8344
榼,8345
濶,8346
,8347
沈,8348
讵,8349
牖,8350
鵐,8351
鋆,8352
鮭,8353
愦,8354
冨,8355
戥,8356
獨,8357
廸,8358
坜,8359
肜,8360
盪,8361
钶,8362
媭,8363
橶,8364
恖,8365
脇,8366
椪,8367
袼,8368
蛩,8369
氶,8370
鬶,8371
萚,8372
冱,8373
俶,8374
笱,8375
胙,8376
槯,8377
┟,8378
谖,8379
砉,8380
啍,8381
绱,8382
脬,8383
杻,8384
設,8385
翚,8386
鬲,8387
茘,8388
掅,8389
徴,8390
猀,8391
畬,8392
缣,8393
良,8394
筇,8395
慇,8396
▼,8397
畠,8398
眀,8399
滅,8400
荭,8401
劼,8402
緘,8403
泷,8404
瓊,8405
,8406
編,8407
輯,8408
孥,8409
嘏,8410
栊,8411
饹,8412
裑,8413
拊,8414
媤,8415
鬢,8416
車,8417
瘖,8418
幇,8419
靯,8420
ｎ,8421
朢,8422
埗,8423
脕,8424
憕,8425
堈,8426
筅,8427
椌,8428
Ⅵ,8429
俍,8430
鬻,8431
™,8432
挻,8433
,8434
∩,8435
犾,8436
陧,8437
≈,8438
,8439
,8440
,8441
诼,8442
,8443
塨,8444
,8445
,8446
骱,8447
桊,8448
,8449
鶪,8450
赒,8451
穰,8452
侔,8453
喾,8454
襒,8455
┌,8456
ザ,8457
╣,8458
伃,8459
,8460
,8461
,8462
穙,8463
遄,8464
魒,8465
︱,8466
槅,8467
眄,8468
禥,8469
в,8470
竨,8471
峠,8472
鉧,8473
ヰ,8474
璊,8475
甝,8476
ю,8477
﹍,8478
翏,8479
,8480
胪,8481
篊,8482
╧,8483
,8484
碈,8485
図,8486
絫,8487
,8488
,8489
л,8490
羪,8491
栻,8492
,8493
忈,8494
,8495
,8496
,8497
,8498
萣,8499
ぷ,8500
畱,8501
雙,8502
輝,8503
彌,8504
燈,8505
,8506
鑒,8507
侶,8508
侕,8509
ホ,8510
誕,8511
魯,8512
購,8513
謆,8514
鎮,8515
儀,8516
樘,8517
█,8518
嵚,8519
渃,8520
,8521
稢,8522
г,8523
琽,8524
甿,8525
Ι,8526
標,8527
甀,8528
,8529
楓,8530
畎,8531
莿,8532
柊,8533
淚,8534
麹,8535
鑽,8536
哱,8537
菴,8538
菢,8539
苼,8540
徝,8541
惡,8542
篹,8543
珼,8544
┠,8545
芁,8546
疎,8547
禘,8548
遝,8549
俜,8550
硎,8551
忝,8552
兌,8553
ы,8554
縩,8555
ò,8556
碝,8557
紉,8558
,8559
針,8560
畓,8561
瑆,8562
艙,8563
眎,8564
,8565
竑,8566
諒,8567
態,8568
氬,8569
窰,8570
骻,8571
鬛,8572
℅,8573
,8574
瑂,8575
瞴,8576
,8577
磝,8578
倶,8579
畫,8580
絚,8581
虮,8582
,8583
茑,8584
屣,8585
盧,8586
,8587
渉,8588
,8589
,8590
,8591
説,8592
癶,8593
哅,8594
價,8595
響,8596
靺,8597
鞨,8598
胕,8599
,8600
,8601
炘,8602
磔,8603
腎,8604
阝,8605
歃,8606
妏,8607
,8608
蕖,8609
庹,8610
﹡,8611
耠,8612
姶,8613
┹,8614
﹜,8615
が,8616
し,8617
あ,8618
せ,8619
瘳,8620
闼,8621
汭,8622
驺,8623
ガ,8624
稺,8625
,8626
缽,8627
∏,8628
硈,8629
竕,8630
琜,8631
║,8632
,8633
,8634
卲,8635
觜,8636
,8637
齁,8638
懸,8639
,8640
ヒ,8641
珰,8642
,8643
亼,8644
岢,8645
宬,8646
谇,8647
ー,8648
圍,8649
葸,8650
爇,8651
搢,8652
褟,8653
鼽,8654
廂,8655
砋,8656
囙,8657
,8658
,8659
綤,8660
,8661
,8662
㎎,8663
,8664
锞,8665
粢,8666
,8667
┬,8668
瑐,8669
Д,8670
嚜,8671
猋,8672
瑮,8673
,8674
蚰,8675
嚴,8676
礙,8677
穖,8678
╀,8679
碽,8680
羝,8681
,8682
酦,8683
玭,8684
喯,8685
祑,8686
厲,8687
墜,8688
觸,8689
禦,8690
﹟,8691
绁,8692
,8693
,8694
愬,8695
姩,8696
壒,8697
珔,8698
薨,8699
閲,8700
鞁,8701
铏,8702
夋,8703
潃,8704
絾,8705
犱,8706
篃,8707
佺,8708
竴,8709
鐐,8710
嵆,8711
堥,8712
兘,8713
殻,8714
嶆,8715
渶,8716
鎿,8717
呴,8718
暱,8719
悧,8720
嬬,8721
┛,8722
斿,8723
熀,8724
庡,8725
,8726
羇,8727
燒,8728
霩,8729
鳰,8730
掊,8731
惱,8732
溻,8733
苖,8734
畄,8735
,8736
擋,8737
燦,8738
∟,8739
勢,8740
殭,8741
縒,8742
,8743
則,8744
碙,8745
狝,8746
瓰,8747
琋,8748
ミ,8749
┿,8750
ケ,8751
拏,8752
,8753
枨,8754
‐,8755
嗱,8756
兙,8757
,8758
,8759
極,8760
獣,8761
猟,8762
,8763
窾,8764
幐,8765
俫,8766
〖,8767
璉,8768
糶,8769
籌,8770
韮,8771
胓,8772
廣,8773
胔,8774
バ,8775
澆,8776
娛,8777
,8778
,8779
┍,8780
瑀,8781
ゅ,8782
,8783
疨,8784
妗,8785
沩,8786
洎,8787
洏,8788
萿,8789
砫,8790
,8791
碹,8792
甧,8793
煆,8794
甤,8795
碩,8796
釡,8797
湊,8798
,8799
詏,8800
敵,8801
眫,8802
枋,8803
蟳,8804
纗,8805
┢,8806
擔,8807
錘,8808
迓,8809
╬,8810
祍,8811
闊,8812
暢,8813
麗,8814
,8815
,8816
惗,8817
馓,8818
簦,8819
⑽,8820
,8821
,8822
湓,8823
诜,8824
昃,8825
耔,8826
叾,8827
栧,8828
樺,8829
戣,8830
鍏,8831
浗,8832
,8833
,8834
М,8835
,8836
誔,8837
陸,8838
賭,8839
鬚,8840
,8841
,8842
╈,8843
┻,8844
璹,8845
俔,8846
侘,8847
傺,8848
芉,8849
,8850
,8851
儲,8852
瞦,8853
,8854
徭,8855
Г,8856
,8857
,8858
チ,8859
籹,8860
歳,8861
腳,8862
ī,8863
潆,8864
萛,8865
牽,8866
嘡,8867
楀,8868
,8869
瓙,8870
凴,8871
琒,8872
゜,8873
綸,8874
锔,8875
綛,8876
繻,8877
鱷,8878
瑑,8879
赟,8880
驩,8881
ν,8882
盋,8883
組,8884
鼯,8885
覂,8886
冹,8887
缵,8888
尥,8889
躜,8890
洑,8891
埒,8892
礅,8893
習,8894
祎,8895
潽,8896
瞯,8897
ど,8898
膒,8899
竤,8900
籥,8901
,8902
郏,8903
睺,8904
,8905
,8906
廋,8907
曚,8908
邽,8909
噓,8910
榘,8911
筍,8912
,8913
脷,8914
钷,8915
癟,8916
釒,8917
麥,8918
〨,8919
縐,8920
縉,8921
,8922
а,8923
癒,8924
簎,8925
耜,8926
缷,8927
襲,8928
攉,8929
〃,8930
膄,8931
愢,8932
鹾,8933
輸,8934
賤,8935
贏,8936
睼,8937
瞔,8938
罺,8939
砬,8940
膙,8941
潔,8942
,8943
裋,8944
蝤,8945
蛑,8946
咶,8947
篋,8948
挓,8949
軚,8950
矇,8951
熺,8952
堟,8953
,8954
犺,8955
繕,8956
惂,8957
層,8958
慾,8959
╝,8960
拤,8961
圸,8962
笄,8963
賺,8964
窽,8965
刭,8966
￡,8967
锧,8968
簑,8969
猤,8970
,8971
,8972
,8973
維,8974
詢,8975
賦,8976
奪,8977
菽,8978
÷,8979
獽,8980
笻,8981
穀,8982
薾,8983
硊,8984
,8985
脞,8986
鬯,8987
,8988
,8989
慖,8990
憐,8991
慝,8992
疬,8993
叏,8994
郗,8995
х,8996
錬,8997
廨,8998
獄,8999
傾,9000
б,9001
厣,9002
黾,9003
讀,9004
蘭,9005
檊,9006
韑,9007
,9008
竛,9009
,9010
へ,9011
稪,9012
掵,9013
呒,9014
∮,9015
遘,9016
枮,9017
,9018
桻,9019
踦,9020
磳,9021
偂,9022
嗞,9023
è,9024
昮,9025
╄,9026
,9027
锊,9028
佲,9029
暠,9030
讟,9031
籇,9032
簅,9033
攮,9034
Ф,9035
飗,9036
簮,9037
冋,9038
,9039
,9040
,9041
耤,9042
螣,9043
ξ,9044
桖,9045
両,9046
甅,9047
巻,9048
譴,9049
铹,9050
怸,9051
墮,9052
嵝,9053
曌,9054
龑,9055
脢,9056
冾,9057
稭,9058
,9059
吽,9060
,9061
,9062
昄,9063
裒,9064
島,9065
灘,9066
軠,9067
仂,9068
烚,9069
耖,9070
⒗,9071
‵,9072
獚,9073
⑩,9074
箘,9075
洧,9076
遊,9077
篁,9078
畈,9079
滘,9080
詭,9081
漸,9082
嚸,9083
鄚,9084
茈,9085
,9086
≯,9087
窱,9088
Ξ,9089
╲,9090
垆,9091
鎅,9092
疪,9093
甗,9094
ㄣ,9095
咜,9096
盜,9097
闖,9098
峄,9099
勁,9100
沖,9101
,9102
笊,9103
,9104
蟪,9105
痺,9106
嫶,9107
塵,9108
抇,9109
隈,9110
纟,9111
缳,9112
醶,9113
蟵,9114
撘,9115
呂,9116
摽,9117
垨,9118
粞,9119
ャ,9120
ǒ,9121
垿,9122
浄,9123
咰,9124
渦,9125
冿,9126
旻,9127
氈,9128
ㄕ,9129
ㄍ,9130
,9131
匉,9132
勞,9133
頑,9134
迣,9135
懇,9136
蔌,9137
辿,9138
鳚,9139
痀,9140
蹱,9141
訣,9142
呡,9143
篥,9144
卺,9145
裚,9146
訊,9147
錵,9148
睋,9149
寶,9150
貝,9151
擩,9152
屆,9153
渑,9154
骒,9155
獃,9156
円,9157
舳,9158
舻,9159
镚,9160
澤,9161
彳,9162
帲,9163
槊,9164
,9165
倥,9166
偬,9167
堃,9168
睱,9169
訝,9170
壯,9171
嵯,9172
鮠,9173
桯,9174
栳,9175
鹱,9176
,9177
,9178
,9179
,9180
耪,9181
煥,9182
嫨,9183
迊,9184
陣,9185
營,9186
瓞,9187
铓,9188
え,9189
钭,9190
躞,9191
遷,9192
璄,9193
榇,9194
仩,9195
驅,9196
嬲,9197
衆,9198
烕,9199
嬅,9200
嚐,9201
裰,9202
耥,9203
栌,9204
碓,9205
鳁,9206
劦,9207
慮,9208
麴,9209
妀,9210
揥,9211
鰤,9212
鉄,9213
鵝,9214
醬,9215
,9216
,9217
爰,9218
攜,9219
烜,9220
籀,9221
瘕,9222
樫,9223
競,9224
ロ,9225
峧,9226
訙,9227
垻,9228
娀,9229
偾,9230
隂,9231
傳,9232
亁,9233
埙,9234
笸,9235
搒,9236
廒,9237
権,9238
幵,9239
猌,9240
￠,9241
柵,9242
焟,9243
茿,9244
羼,9245
洸,9246
钺,9247
颛,9248
诹,9249
蔵,9250
篗,9251
綪,9252
,9253
,9254
,9255
攞,9256
穂,9257
舴,9258
煋,9259
瑫,9260
晊,9261
颷,9262
,9263
,9264
,9265
,9266
乇,9267
瀞,9268
唲,9269
畧,9270
啱,9271
噺,9272
缂,9273
埽,9274
墀,9275
ц,9276
凱,9277
,9278
,9279
欒,9280
,9281
鏄,9282
姪,9283
鐞,9284
咮,9285
黪,9286
畹,9287
ョ,9288
偣,9289
矞,9290
滆,9291
欐,9292
嫞,9293
惁,9294
笉,9295
鐢,9296
ヤ,9297
ё,9298
瑧,9299
劊,9300
粬,9301
瘡,9302
,9303
閮,9304
鍗,9305
撲,9306
鍐,9307
畾,9308
鍘,9309
梾,9310
熷,9311
,9312
湴,9313
児,9314
楗,9315
憖,9316
吘,9317
撶,9318
鍙,9319
,9320
嶈,9321
繃,9322
佸,9323
婃,9324
悎,9325
啠,9326
,9327
悜,9328
閬,9329
瓑,9330
,9331
鑲,9332
夌,9333
浘,9334
闈,9335
崞,9336
鍩,9337
粠,9338
彉,9339
鎬,9340
笂,9341
佹,9342
鑰,9343
厜,9344
鍚,9345
ソ,9346
壘,9347
墍,9348
鍦,9349
庝,9350
箞,9351
鍔,9352
灒,9353
悶,9354
氳,9355
簨,9356
緱,9357
啋,9358
戠,9359
粰,9360
,9361
ぜ,9362
,9363
摢,9364
唣,9365
ㄐ,9366
嬪,9367
呭,9368
喌,9369
ヨ,9370
鐩,9371
笅,9372
揢,9373
贊,9374
UNK,0
PAD,1
